label,Post_Preprocessed_Comments
negative,woosh bantu warga malaysia eh malaysia hina kali sadar diuntong patotla bankrup
negative,tanggung negara tanggung mon monnntermul setia abdi tuan
positive,bravo presiden prabowo putus ambil whoosh lanjut banyuwangi moga jalan lancar selesai
negative,rakyat bangun whoosh berat paksa ide resmi cuci tangan hutang nama citra nomor 1 beban rakyat rakyat susah dinperhatikan whoosh hanta kalang utama
neutral,macan sirkus takluk 2 pawang
negative,enak jabat apa bayar jabat rakyat bayar tinggal jual pulau naikin pajak gampang bikin bijak sih oke biaya nalar buka wuuus luar nalar
negative,omong kuras hasil rakyat tuh omon omon doang
neutral,henti judi online
negative,whoos dibayarin ngejar koruptor antartika ah omon omon doang
negative,aku wali prabowo kalo prabowo urus tau lambat pt wika gedung lambat bayar gajih kerja 6
negative,joko dpr manut timbul cuci kaki usul korup hukum mati
negative,purbaya layak perintah mundur integritas profesional mu terima negeri konoha
neutral,korupsi ribu t sita duit koruptor bayr hutang indonesia
negative,hina pproyek kereta cepat rugi bangun kereta cepat dana hutang besar china state railway group china railway corporation total utang dekat 900 miliar usd 2023 6 jaring untung sisa subsidi perintah tahan mari subsidi pemeritntah
negative,ringan banget putus nya tangkap selfester susah banget
neutral,ijin komen 2 55 juta dolar korup pribadi laku tangkap kalo sih umpama masuk bantu bangun ikn sih negara tanggung putus bpk presiden ya kalo komenku krg ya maklum bilang umpama mis
negative,pantesan konoha merosot banding makmur negara konoha negara miskin negara emis hutang woosh masuk akal nya cari dalang nya lindung koruptor jaya konoha
negative,enak kalo omon uang rakyat pakai hobi koleksi pesawat maniak pesawat bayar kereta nya jabat foya2 hutang bayar generasi muda rakyat nya lapar tinggal lapar hina duduk miskin negara kacau kacau konoha lol
negative,oke sangka rakyat sangka rampok uang rakyat pimpin maaf orang orang jokowi rekan rekan jabat daerah korupsi maaf orang orang tangkap vonis maaf bebas indonesia korupsi
neutral,kalo prabowo intruksikan menkeu bantu bayar utang whoosh purbaya berani bantah kah
negative,hm purbaya seret pro jabat kah
negative,suara kencang2 kalo tunduk jokodok
neutral,potong gaji dpr bayar cicil woosh
negative,hutang nya jatuh tempo bayar kalo bikin pikir beli mobil gampang ya mending pakai mobil jakarta bandung 3jam biaya murah perintah blo on
negative,kasihan prabowo pesta prabowo cuci piring salut prabowo beres whoos slnjutny ikn
negative,skema pinjam b b perintah urus - tipu bicara
negative,tipu bahasa investor investasi paham kaget bayar hutang pikir investasi investor gue bilang china asih utang proyek gue bully hewan ternak mulyono bilang investasi hutang ngebangun proyek mulut hewan ternak mulyono busa hilang adab
negative,presiden omon omon
neutral,uang korupsi ambil byr utang sisa rakyat
positive,keren banget kemenkue purbaya
negative,berani tangkap jokowi tumbalin
negative,seyakinya koruptor desebut duga moliono libat tindak lanjut
neutral,aga hukum beritergritas audit salah hukum janji bilang putus hubung diplomatik kerjasa beran curang
neutral,whoosh kasih uang 500jtan utang
negative,adil jokowi
negative,dpr gila rakyat susah menduung panjang
negative,plus 10rb t pajak inpor super gila nilai
negative,beres lunas adil orang libat
positive,indonesia maju moga doa makmur negara dpr sesuai scenario ekonomi sibuk hilir negeri indonesia butuh pimpin jujur nkri
negative,sih joki i sih luhur jual cina
negative,sono sih jokowi sih luhut kapai menke jokowi sih opung tanggung
negative,suruh penyefong jokowi sih luhut bayar 9 naga tuh bikin negara hutang cina
neutral,utang negara besiknya beres utang ya bayar
neutral,pasilitas untung kah
negative,rakyat indonesia tau buat
negative,tangkap jokowi usak bangsa bangun narasi narasi gra gara negara lilit hutang jabat modal nyogok
negative,jabat bijak bisnis peduli rakyat rugi edan tenan ya utang rakyat bayar puluh pening
negative,cepat usut orang ambil bijak nya mumpung orang nya hidup dunia
negative,kereta cepat mintak tanggung rakyat rugi usut tuntas semg prabowo pihak rakyat nya amin
positive,narasumber realistis positif moga apresiasi pihak2 mudah sulut mudah sulut
negative,hutang lunas kereta api nya rusak
negative,sonang jalan keluo e korek jelah segale jumpe koje e kprupsi berantas selosai
negative,amat bijak publik kacau kayak amat titip kcic tvone wakil pro whoosh amat
negative,keruk untung vie proyek woosh mulyono san luhut bayar hutang rakyat konsep mafia
neutral,perintah jokowi jokowi
negative,bias bahas bayar bunga biaya
negative,indonesia butuh repormasi total
neutral,boos
negative,tambah utang
neutral,bosan boos
negative,bengkak wajar ambil untung proyek negara jarah nemu celah langsung serbu rame rame banyak rapi jarah tuduh
negative,beda orang sekolah orang beli ijasah urus negara hancur nya erti untung rugi nya
negative,bangga apa negara china uang nya ngutang uang ok mmng uang negara modal buat negara uang nya ngutang ya apa bangga malu
negative,tuju terus pulau tinggal sumatra kalimantan sulawei jawa mulu
negative,negara jakarta bandung phm uang trilyunan habis situ wilayah phm whoosh citra an koropsi bahaya nya pembiyar an koropsi nya nya p prabowo usut nya kpk jaksa an omon omon
negative,tanda tangan proyek suruh bayar utang
neutral,bayar perintah wajib bayar bunga utang 2 t lanjur ambil jalan baik audit laksana proyek curiga publik ch padang
neutral,bayar ya kerjasama b b
negative,purbaya bayar danantara atur ambil apbn dl apa atas danantara ambil apbn dl
neutral,tolong kurang nih haros piker dapat nganggor
negative,danantara habis bayar utang investasi
negative,suruh apbn rakyat perabowo suruh jokowi tanggung
negative,pusing pikir transportasi kereta rugi 81 triliun baik bumn garuda indonesia unit pesawat subsidi tiket terbang domestik mancanegara ekonomi cepat putar simpel unit mikir lintas tinggal tunggu untung otak rampok
positive,good
negative,swasta bayar utang biar pailit adil
negative,orang indonesia butuh pecut jajah gebuk jalan nekat banyak mikir ahli malas mau yidur tidur butuh tekan biar productive
negative,paksa bikin woosh korupsi proyek
negative,kereta cepat komisi komisi suruh bayar hutang
negative,jokowi lbp rini sumarno sri mulyani termul tangkap sita aset nya bayar utang kcic berani prabowo
neutral,kecoh fokus coretx partimina
negative,keluarga pakwi lunas rakyat
negative,sengaja banget push biar cap pahlawan tau resin rusa kacau nya
negative,jokowi bunker uang ribu trilyun kalo bayar hutang nya bayar kpk periksa rumah jokowi sita uang nya bnyr hutang nya
negative,ijasah joko palsu hutang negara hutang pribadi hukum
negative,beres cepat 60 danantara
neutral,dpr tau
negative,purbaya nalangin modus korupsi proyek gede boncos talangin apbn danantara hjolding bumn masak untung bumn ngakuin rugi resin talang apbn purbaya lhah danantara kerja kapai
neutral,sssst berizik prabowo perintah jajak kereta cepat whoosh lanjut surabaya
negative,bunga hutang suruh jokowi bayar
negative,alih isuuue rakyat kecoh babay jabat korupsi bahas korupsi kuasa sok jago sok atur gulung tahun rakyat
negative,menku bu sri mulyani ya uang apbn gelontor bayar hutang woosh gilir ganti tri langsung kelimpungan bayar
negative,arab saudi 1500 130 t 10x lipat nya biaya nya bijak rugi negara pidana proses
neutral,kontrak negara republik indonesia perintah tiongkok republik indonesia perintah jepang insfrastruktur unggul sepakat kontrak bangun infrastruktur dua wajib pakai
neutral,perintah tiongkok kontrak bangun infrastruktur jalan terowongan laut sumatera utara kalimantan barat kalimantan barat sumatra utara percaya kontra tutup reses hutang whooos railtrainway
negative,termul suruh bayar utang kereta cepat enak situ nikmat suruh bayar
positive,bangun fasilitas majuin negara nikmat pribadi negara kayak apa bangun nyjhterain rakyat nikmat brantas manusia korupsi habis miskin
negative,pikir panjang kereta cepat surabaya kcic beban pikir biar bangsat keran buat nekad
neutral,rakyat komen cerdas
neutral,kalo kalkulasi bank nya duit korup ya bank investor salah
negative,dampak ambisi jokowi bangun ikn korupsi
negative,jokowi paraaaah
negative,purbaya kalo patungan suruh bayar tanggung ide
negative,bayar usut
negative,adil jokowi ternak makzul fufu fafa
negative,adil jokowi rampas harta kaya hasil korupsi nya bayarin hutang uang negara kayak nya efektif
negative,awas gaduh dunia orang hukum rakyat mlongo lihat kerja perintah amanah
negative,instruksi presiden prabowo cepat slesaikan hutang kreta cepat cuci tangan beban berat utang lunas bisnis kreta cepat utang lgi biar hancur negara tunggu 60 lgi anak ccu msok waris utang trus
negative,impi rencana bangga kak cepat syah2 orang awam akurasi data pasar guna kak woosh 44 ribu kelas tengah atas efeck multiplayernya feasiblity study atur hasil feasible akibat hasil study feasible feasible kebingunggan bayar utang ada urgensi sgr kereta cepat shg utang ujud selesai bisnis b b mimpi lanjut jakarta surabaya rakyat butuh bantu perintah duga korupsi mark up dl wajib usut
negative,negara layak pikir teknologi baru lihat pulau indonesia kondisi kembang nya jawa maju tuh tambang kalimantan malu papua perintah pikir teknologi kaget rakyat pilih perata layak papua korban alam nikmat infrastruktur rasa negara korban 1 wilayah wilayah pikir rakyat dampak hey kalimantan loh sulawesi indonesia loh papua rakyat loh miris kayak mata air tunggu air bersih butuh hari ngebet maju jawa coba lihat perata wilayah selain pikir bikin negara jawir jawa indonesia raya eh jawa pisah miskin sih negara faktor donatur ngemis pulau belah
negative,hutang whoosh beres jokowi beres timbul negara
negative,moga prabowo sadar lepas bayang2 jokowi pecat termul2 jabat lingkung kabinet
neutral,plus minus cuman mampu laksana proyek
negative,tuhan jokowi malaikat lohut bayar
negative,bangun manfaat tinggal beban utang negara depan
positive,suruh ngemplang ya 7
negative,biar lungut jokowi tanggung bikin susah presiden kandangin orang adil sita kaya miskin
positive,gapapa bayar usut kalo bayar usut enak banget mafia2 korupsi
positive,kereta cepat bangsa indonesia mbak 359 t whoosh 116t hambur uang
negative,prabowo dukung kecewa berat berani usut korupsi dinasti jokowi
negative,prabowo jokowi luhut tanggung
negative,pandang anggota dpr bangga kereta cepat lilit hutang bisnis kalimat pakai istilah kayak jalan miskin rumah
negative,nama jokowi kenang presiden korup dunia contoh presiden usak konstitusi presiden pro didik presiden bangun kuat cipta rakyat rakyat buat nama termul dana asal korupsi genster solo organisir masif perintah prabowo segera audit jokowi kroni sita harta2 hasil korupsi negara
negative,dpr pikir ekonomi pikir only subsidi utang
positive,jakarta bandung surabaya malang bal jalan semkin ramai rakyat jarta bandung bbali malang nya
positive,whos jalan nyasemakin muda bayar nya orang sura baya malang peluk
negative,rakyat khawatir dpr ri campur rakyat percaya dpr ri
positive,keruk tambang bayar lunas selesai
negative,prabowo - lindung jokowi sang mentor
negative,bangga selera ekonomi rendah
neutral,beres cepat sbnernya hitung total hutang hitung pasu sktor pajak hitung berpa kepla anggota dewan berpa dana gajih anggota dewan kikis dana dana lai ubtuk angota dewan kasih gajih pokok uang mkan jabat wajar penambhan kas negara tambah bayar hutang cepat kalo anggota dewan pengin hutang indonesia beres 0 jwabnya ya tingal korban 1 beres
negative,stakeholder ya aco bikin2 doang kalo benefit defisit bangun
neutral,bukang indonesia naik
negative,enak suruh bayar pakai duit rakyat
negative,utang tanggung jawa
negative,ulah
negative,bayar uang rakyat
positive,whoos simbul maju negara bangga negara
negative,bayar smpi 70
negative,pergi tinggal utang
negative,stasiun tv tum tampung gosip mmbrita - politis fgur kejar reting stasiun nya basi berita basi dgan sinetron berita skaran nya
neutral,beres lunas libat dalm kejangalan beres
negative,kerta cepat hutang negara gunung umpama rumah tangga ukur dapat keluar keluar bangkrut
negative,komentar buzzer bodo
negative,plin plan
negative,anggap masyarakat b b
negative,pembanguna negara campur politik runyam maju megara orang politik penting politik nya
neutral,ojo kemajon gebuk das occrp
negative,luhut cs suruh bayar utang
negative,maju das mul termul besi karat rongsok barang bekas whoosh mangkrak rusak mesin whoosh whoosh impor koruptor pesta
negative,suruh jokowi termul bayar hutang gua dunia akhirat rela pajak gua biat bayar hutang whooosh gua allah whooosh anak turun gua cam woe koruptod dpr tod jokontod termuntod
negative,whoosh manja koruptor occrp rakyat miskin becak biar ekonomi receh putar
negative,lantik persiden ikn mooh memang ikn kota negara ikn rekayasa termul occrp kota hantu
positive,orang berani pesawat harap moga kak cepat jakarta surabaya wujud
negative,indonesia depan susah perintah nya pikir perintah - sifat nya gaya gaya desak susah rakyat mampu bayar rakyat bangkit miskin
neutral,hutang whoosh potong bunga bank biar masuk akal
positive,lanjut kalimantan biar nikmat hasil pajak
neutral,tahan segitiga
negative,ayo beres beres korupsi biar kereta cepat bayar dt uang korupsi pakai apbn cepat u ampas aset koruptor sah beres utang kereta cepat bayar lambat
negative,langsung rakyat maaf korupsi
negative,setal uang mantan harap perintah pihak rakyat koruptor lindung allahu akbar
neutral,investasi kereta api pulau sumatera kalimantan sulawesi pulau 2 lai shg beban transportasi orang barang jangkau daerah indonesia rasa masyarakat tengah
negative,usut beda presiden
negative,cina negosiasi ganti salah pulau indonesia
neutral,gaji anggota dewan nyicil kayak
positive,aman jokowi ikut prabowo turun tangan cari jalan utang whoosh
negative,1 makhluk gorong2 260 juta rakyat indonesia tanggung utang si 60
negative,beres korupsi gelembung dana bangun biar ecek2 jabat niat kedok tranportasi massal dana masuk akal
negative,bahas hutang negara rakyat tera konstitusi semenjak merdeka lunas 1 lindung segenap bangsa indonesia tumpah darah indonesia realitanya jabat elit duit lindung hukum ekonomi 2 maju sejahtera realitanya anggota dpr jabat negara kesejateraannya alami maju 3 cerdas hidup bangsa realitanya perintah bodoh rakyat transparansi - didik sepenuh gapai rakyat hutang lunas kuasa negeri
negative,suruh jokowi luhut bayar biang kerok utang ri gunung sih jokowi dar jago ngutang solusi nyelesaiinnya
negative,rncana whoosh surabaya ngutang cari nama proyek gagah2an ngutang urus rakyat hidup kesusahn parkir miskin anak lantar yerurus dngn kebiasaansetiap proyek sellu korupsi
negative,proyek scam jelas jabat omong kosong rusak negara pimpin jabat model indonesia begibi
negative,biar biar tarik leasing kalo leasing ambil pulau ya war
neutral,rak yat cerdas biar negara hutang kurupsi
negative,termul asu
negative,bikin sakit nya jokowi luhut obat nya prabowo purbaya
negative,ulang salah buat kereta cepat jakarta bdg bangga bangsa jujur bagus rencana program kereta sumatera aceh lampung kereta trans sulawesi kereta trans kalimantan kereta trans papua ambisi penting rakyat indonesia sumatera kalimantan sulawesi papua rakyat indonesia bangun kereta cepat jakarta bandung
negative,kalah geng solo
positive,miris ya mmbatal kereta cepat lihat kereta cepat maju
positive,pandang bulu he prabowo takut kalo pimpin rakyat
negative,byakan lempar tanggung cepat bayar usut unsur korupsi perintah prabowo lempar tuk tim khusus kc
negative,rak yat beban bertindakrpikir he sikurang ajar sijokodok ajar
negative,usut diam
negative,dpr kayak ambisi lanjut proyek kereta cepat dpr terima suap jokowi jabat presiden
neutral,deh dibreskan habis beres jual shoopy marketplace
negative,purbaya bayar kcic urus jokowi luhut binsar penjaitan akal akal jokwi luhut binsar penjaitan kembali whoos cina suruh angkaat kereta cepat nya iru bayar proyek gelembung biaya korupsi jokowi fan luhut binsar jahit
negative,bayar pakai uang rakyat
positive,lunas 10thn selesai brbahaya
neutral,ya kasih china china kelola puluh selesai
negative,mulyono luhut et bayar beban uang rakyat
negative,woosh woosh wuz bablas duite ulah raja jawa kayak jaya miskin sengsara tanggung suara rakyat
negative,dpr ri menteri jabat bumn korban gaji tahun bayar utang woosh bantu jokowi
neutral,nanggung belah usaha cina indonesia
neutral,berani kalo sedia mampu
neutral,kayak minta cocok presiden
negative,mark up lingkung perintah jokowi usut daulat bangsa negara
negative,utang whoose dibayr rakyat makmur2
negative,sih mulyono berani ngutang ya bayar
negative,e jokowi penjara gara-gara nyata nya kalo ambil untung rugi serah pt bumn undang undang bumn rugi
positive,harap wujud jakarta surabaya
negative,beres sutradara kereta china wowo
negative,tanda2 prabowo takut gertak jokowi termul
negative,bikin ribet generasi terus dunia bikin ribet akhirat taubat taubat ajal maaf rakyat generasi rasa
negative,firnando bangga terus whoosh rakyat derita kampung mesti lihat pikir orang kayak utang utang korupsi whoosh rakyat perluh
neutral,presiden prabowo tugas tim inti purbaya yudhi sadewa menteri uang airlangga hartarto menteri koordinator bidang ekonomi ros roeslani ceo pt danantara investasi indonesia jabat wakil menteri bumn tuju utama selesai utang timbul gejolak ekonomi negara proyek strategis nasional lanjut penting beban anggar dapat belanja negara apbn perintah perintah rapat batas ratas istana presiden oktober 2025
negative,bpk luhut suara
negative,utang sih serah bekas precident jahit sri mulyono tri hubung kemarin kapolri kuasa 2 periode rakyat jatim butuh kc kapal terbang bis patas trevel gojek
negative,h kapai pusing suruh puja nya bayar patungan hahahaha
negative,ajar transportasi kereta cepat mana jakartapun public kereta cepat kurang macet statement jokowi kereta cepat kurang macet puluh busway macet kurang tambah masyarakat senang pakai kendara pribadi nilai cepat irit tenaga sial nya jalan jabodetabek padat kereta cepat harga tiket nya ratus ribu orang kalang miskin tengah susah masyarakat negara murni proyek ambisius sih hitung matang bearti tanggap nya kalo ambisius ya wel public smart tau kalo bisnis china sebab sekian
neutral,rame rek rek wis opo jare cak presiden angel
negative,korupsi hutang ramai bicara indonesia kayak harta jabat nya korup
negative,ya slesaikan sih laku hutang lempar tanggung pindah mandat presiden jabat slesaikan jokowi habis jabat
positive,rakyat maju bayar kelola kalo bagun kereta cepat negara mantap
negative,anwar ibrahim mahatir tertawa kena batu
negative,sekak purbaya suruh tanggung id putus fie ambil putus usut rakyat suruh bayar utang
negative,ujung rakyat suruh membyar hutang
negative,luhut jokowi kongkalikong periksa
neutral,mahfud md paham prosedur nya
negative,luhut anggota dpr ri tanggung perintah campur
neutral,resin - pakai uang rakyat apbn ya
negative,bubar dpr bayar hutang dpr beban negara
negative,warga negara jakarta jawa -ikutan whoosh nikmat nya
positive,bijak amanah istikomah tri
positive,luarbiasa jokowi hasil lobi cina proyek kak cepat wooosssh sistim b2b modal 60 kak cepat tehnologi dunia
negative,menteri ekonomi cerdas ekonom jenius ikhsanudin noorsy panggil presiden beliau jenius jujur amanah ilmu mumpuni erlangga cerdas minim ilmu tum golkar abrorry adams lampung
positive,kereta cepat whoosh capai projek teknologi canggih sukses bangun indonesia partner cina sukses jadi semangat capai potensi maju patah arang kaji optimal fasiitas bangun capai produktifitas harap program program promo wisata edu dl lihat india vietnam thailand selesai projek jenis
positive,mantaaaf mas wahyu jawab optimis kak wooosssh anak muda indonesia wawancara wartawan ditengah- ramai stasiun kak
negative,ujuian kpk kpk selesai mending aha kpk
positive,insyaallah kelak ikn whoosh bangga bangsa indonesia whoosh infrastruktur modern transfer tehnologi ilmu pakai pt kai mbuat kereta2 cepat infrastruktur whoosh buka titik titik pusat ekonomi lewat pimpin visi tertawa parah takut indonesia bayar mau jabat korup
positive,u prampasan aset koruptor syah dpr dpr perintah mwngeluarkan perppu prampasan aset koruptor indonesia makmur
negative,lihat video anggota dpr pihak rakyat
positive,luarbiasa jokowi indonesia maju tinggal rakyat sesuai kurang pakai kendara pribadi hari dunia negara maju rakyat pakai kendara
neutral,jokowi prabowo duduk meja biar bicara hati hati kalo dpr bicara kiamat wewenang apa
negative,patut ya indonesia bandung surabaya hutang nya siaoa bayar sabang marauke
negative,srh resin mulyono luhut termul
neutral,perintah siapa
negative,rasa rakyat jawa rakyat indonesia
negative,syukur dijawa bangun infrastruktur ketimbag didearh kuhususnya wilayah timur jalan dipropensi hancur makan korban
negative,maaf bang arthor berani perintah tolol mulyono tau pakar tuju hitung2 rugi maksa citra
positive,bangsa takut lang nya bangsa maju salah langkah ambil pimpin berani ambil putus bangsa kecut coba perhati gusdur surabaya capai sibuk politik im
neutral,purbaya sikap tolak bayar hutang whoos uang apbn harap rakyat
negative,kereta cepat jakarta bandung jakarta surabaya banyuwangi feasible jakarta bandung potensi marketnya vs surabaya banyuwangi jarak jakarta bandung pendek capex opex nya mahal nya prioritas 1 selesai problem jakarta bandung pikir extend surabaya beban debt 2 kpk usut selidik mark up kereta cepat sungguh mahal bench mark kereta cepat arab saudi jarak 1500 biaya investasi banding kereta cepat jktbandung
negative,jokowi kantong 11000 trilyun pidato 112t jokowi seret deh tuh kemarin putus
negative,ganti nama buhs nggedebuhs
negative,dpr rakyat sesuai isi perut bos partai awas
negative,tangkap main mark up duit2 anggar
positive,hikmah
negative,dpr lupa pr u ampas aset tunggu rakyat turun pura amnesia perintah remeh aspirasi masyarakat hati bom dahsyat
negative,kasihan persiden prabowo sasar beres utang akibat ulah mantan presiden hitung haya pikir kuasa duduk nya
negative,presiden susah rakyat pas rakyat susah presiden aduh
negative,ayo pilih mulyono urun lunasin woossh monggo
negative,jalan surabaya ya tambah hutang nya masyarakat kuwait dpr penting golong partai wakil rakyat
negative,beres pakai bos rakyat korban naik maknya pimpin bicara nya mampu masuk akal kompanyenya
negative,macan kucing piara
negative,usut proyek anis bikin gorong gorong banjir suruh bayar habis - program gagal dampak anggur jepathidup gembel
neutral,cari dana korupsi sita bayar kereta cepat
neutral,bayar usut tindak korupsi
negative,akibat rezim jokowi cs numpuk utang negara
negative,proses jokowi luhut
negative,tanggung jokowi luhut program dua
negative,rampas rumah dinas solo lelang nutupi utang whoosh
negative,log biar tekor sohor nasionalisasi milik warga
negative,kalo negara ngutang transportasi pakai kuda biar negara ngutang
negative,proyek jokowi nya ngutang dana ikn nya bikin bandara majalengka tumpang nyawiwi bikin proyek pakai riset mau tri nya rekening buncit
negative,harap cilik whose makan susah
negative,korup kcic kejar joklut kejar tuh kenyang duit nya awat kosnya mahal kereta whos untung barang rusak pamer rugi mending bromo murah cepat
negative,jkw tertawa
negative,sita hrta2 jokowi
neutral,tekan perintah china
negative,tinggal mulyono bikin mumet alih alih bikin kreta cepat bagus meng aktif jalur mati bangun jalur kreta api barus plosok negeri
negative,termul aaassssu
negative,jokowi luhut suruh bayar
negative,maju beban rakyat repot bayar pajak mau jabat jokowi cari maju ngukur mampu negara kayak indonesia nenek moyang negara indonesia fir aun
negative,usut tuntas stop kerja china
negative,mati tetlebih tikus kantor mafia anggar proyek kalimat prabowo korupsi indonesia kangker stadium 4
negative,iya kalo jabat nya jujur korupsi jamin aman2 80 jabat nya koruptor coba pikir kalo bodoh pakai
neutral,hutang dimbayar bunga mbayar2 cepat cepat lunas usut korup hubung kerja whosh mbayar cepat apa alas nya mbayar mbayar mbayar
neutral,apbn kena imbas
neutral,ribut periksa mau ribut mulu kerja kagak
negative,negara bobrok sarang koruptor biar mimpin kalo tindak korup sejahtera harusny tengok punggung
neutral,iya 100 t bikin malu negara korupsi
negative,dasar anggota dpr mudah lu bilang untung rugi lo y tggung utang ya sila masyarakat byar utang pajak sesak gua swasta kelola pasti untung bumn era rugi akibat mark up dana harap presiden n pur istikamah mnjga aset negara n hukum berat koruptor
negative,freeport salah pimpin
negative,ngutang ribut bayar hutang
neutral,prabowo utang whoosh beres pakai apbn
negative,jabat bisnis nya hebat hebat biar tekor sohor pakar ekonomi
neutral,116 t mah indonesia dipikir2 perintah kemarin korupsi 900 t kejar langsung lunas
negative,tanggung ya jokowi
neutral,cleaning nih perintah buang orang kompeten
negative,prabowo suruh beres luhut jokowi tri purbaya jalur pakai uang rakyat usut duga korupsi woosh
neutral,selesai bayar utang whoose lepas bumn kerjasamanya perkreta api kai panjang rute jalan whoose luas kereta api rata indonesia pasu kai sumbang bumn selesai bayar whoose jatuh tempo
negative,solusi layak pikir laksana proyek error proyek libat orang orang bodoh solusi saat ketidaksanggupan bayar kemudi error masuk akal rakyat jadi tumbal error bijak rakyat derita sengsara tiada batas bela rakyat beban rakyat miskin
negative,bikin trasenya kagak mikir okupansinya kalo okupansi padat ya lihat okupansi kantong kantong kai padat cover contoh jakarta jogja via purwokerto trase utara masuk selatan rute trase padat okupansi gue heran kagak ngitung nya kalo beroprasi kantong padat uang usaha sehat pasca beroprasinya layan lang ngrmbangin tuh rute jepang rute tokyo osaka trase kantong okupansinya padat - rugi planing tinggal tunggu surplus uang usaha
negative,eks mukidi buhut jati
negative,hukum jokowol
negative,joko gue tanggung
negative,indikasi koropsi tangkap koropsi usut sita uang koropnya bayar uang rakyat oakai situ enak kali koropsi enak senang keluarga nya rakyat beban edaan
negative,gampang wok sih wiwi suruh bayar pakai asset kaya nya gaji tunjang nya gibran potong 80 jaga jaga kalo
positive,dterapkan 40 untung 40 pajak 15 over head 5 sukses
negative,duga indikasi seleweng uang negara korupsi ya orang2nya proses hukum periksa uang negara uang rakyat uang pribadi
neutral,pleciden pleciden
negative,ambisi langit pt kai jaman jonan bom era kcic jarang defisit sakit sakit uang nya
negative,kalo pnyalahgunaan wewenang korupsi sana pakai hasil korupsi bayar utang fair inti perintah uji tega supremasi hukum pakai uang hasil sita krugian negara hasil curi berani hehe
negative,arep misuh ra misuh dok kelakuanne mulyo sak geng
negative,bayar meentri suruh bayar tuh sih jokowi
negative,mulyono lbp suruh bayar pakai apbn rakyat susah mending sejahtera rakyat wajib
negative,bikin susah rakyat anjir mendiang utang mul mul rakyat susah suruh mul mul termul bayar
neutral,whoosh kalo panjang jalur kalo surabaya nanggung banget harus nya jakarta bdg surabaya banyuwangi manfaat
positive,mantap p prabowo biar gaduh
negative,simpul cina awalnye tau proyek rugi balik proyek cina incar mata uang dolar kumpul lihat kesepkatan nya hutang dubayar pakai mata uang dolar mega proyek negara jalan cina kumpul uang dolar point perang dagang cina amerika proyek modal bank cina pakai mata uang cina bayar hutang nya indonesia pakai uang dolar
negative,tolong kpk usut tuntas proyek kereta cepat negara rugi 79 6 trilyun proyek kereta cepat
negative,pengin berantas pinjol judol aplikasi ilegal seliwer pengin byr hutang bikin utang aman2 seliweranmenyala abang
negative,dpr mau gaji nepalkan cari celah
negative,akibat maruk pengin puja puji rakyat suruh tanggung anak cucu cicit cecet untung
positive,alhamdulillah presiden prabowo bawah moga selaras baik bangsa
negative,perintah gengsi an negara asi modern biar tekor sohor
negative,kpk takut jabat
negative,kurupsi masuk akal periksa
negative,den lembaga ketua luhut bp sekongkol mark up kereta cepat
neutral,orang makan nangka jabat getah
neutral,rakyat nya tani segara maju indonesia moderen
negative,perintah beban perintah
negative,wiwi suruh bayar utang
negative,jokowi ganti rugi
positive,salam sehat jonan agus dl tolak pecat gara tolak kreta cepat whos whos sungguh apresiaasi tinggi kreta lokal jarak sengkarut carut marut belio tri jonan disiplin tata rapi nyaman aman
negative,ijazah jokowi lirik pis nya
negative,bayar utang korup sih rakyat jerit sulit hidup
neutral,bayar utang ya usut koropsinya adil ya mul
negative,pt kai kereta api indonesia wow hutang rakyat indonesia rawan nih apbn indonesia
positive,terima kasih prabowo whoos jakarta surabaya
neutral,presiden bangun negeri
negative,panjang pinjam hutang nanggung bayar
neutral,telpon jokowi langsung omong
negative,aduh kapai tuh kereta utang alas omong teknologi modern jaman habibie bikin teknologi modern atas iptn pt bikin pesawat
negative,prabowo nangung rakyat rugi ekonomi susah duit rakyat koruptor kereta whos enak
neutral,perintah
negative,jokowi luhut ternak tanggung beban rakyat rakyat susah cari ekonomi sambung hidup
negative,beres pakai uang rakyat pakai uang jkw pki hasil korupsi kpk tkt jkw jkw periksa duit tukang mebel asal bang rumah ratus milyar beli pulau duit truh goronggorong kalo pilih presiden pki tulen top indonesia
neutral,kesurabaya indonesia jawa luar jawa lupa adil
neutral,monggo silah rawan jokowi beres hutang kereta woosh
negative,ungkap kpk woosh percaya deh nepotisme jokowi lolos gibran wakil presiden mata 286jt duduk indonesia apa
negative,hutang whos rakyat bayar biar jokowi sri mulyani luhut airlangga zulkifli hasan suruh bayar orang kelompok nya rakus jabat rusak anggar rakyat bancaan
negative,rugi negara hukum
neutral,omon omon takut mukidi
negative,kereta cepat jakarta bandung pergi warung rumah mobil ferari pamer mobil ferari hasil hutang
negative,bayar pakai apbn bodoh rakyat teriak2 - hilang
negative,masyarakat khawatir masyarakat sayang duit segitu ya manfaat signifikan duga tindak korupsi
positive,mantap
negative,jokowi pesta prabowo cuci piring miris mantan tentara budak
negative,utang coook
negative,indonesia kayak utang sd bohong nya negara kayak
negative,ngutang sih enak
negative,jokowi tanggung 11rb triliyun cetek hutang segitu mah
negative,jokowi luhur tanggung joli nya
negative,narsum dpr nya kayak nya paham reporter nya
positive,dihutangin negara fasilitas rakyat bingung rakyat untung jangka untung tiket tranfer teknologi cepat pindah manusia bisnis lancar hitung rugi bangun
negative,bpk presiden yth hutang kereta cepat beres panggil proses jabat negara libat rampas aset nya byr hutang negara hukum mati langsung kirim liang kubur biar bersih koroptor ri
negative,jokowi susah purbaya lu bangke
positive,utang uprit negara indonesia kayak raya bayar utang uprit nyita uang koruptor 2o triliun
negative,hidup jokowi hidup jokowi tenang jokowi biar rakyat menangung hutang negara keluarga
neutral,sungguh ya perintah lanjut prabowo he he atas mudah mudah atas
negative,bangga bangga hutang
negative,pryk sosial versi wi citra lihat taxe over jepang china wajar
negative,sebab jokowi jokowi usak nkri
negative,hidup korupsi
negative,beres jokowi luhut adil
negative,jokowi luhut komite kcic periksa tanggung whoosh
negative,kalo joko presiden deh pakai uang rakyat
negative,juara nomor 2 dunia ijasah palsu negara hancur
negative,dunia wae sikowi juara nomor 2 dunia
negative,sikowi seng utang
negative,negara abal konoha asing proyek gagal korupsi biar uang korupsi lumayan jumbo gerogot uang negara kapai diterusin gila diikutin
negative,tukang cebok
neutral,komennya jahat
negative,beli debat bun
negative,joko bayar ngutang doang lepas tangan selesai presiden rakyat nikmat kereta ya suruh bayar pakai dana apbn kocak
negative,saran bayar hutang whoosh beban apbn butuh dasar masyarakat indonesia desak wajib penuh kereta cepat butuh 95 masyarakat indonesia
negative,prabo bertanggungjawab hutang proyek konyol berani ya prabowo teriak teriak teriak hidup jokowi hidup jokowi he he lihat sazah
positive,alhamdulillah berani jokowi indonesia milik kereta cepat coba kalo pimpin hitung kereta cepat jalan tol mrt lrt dl kalo pimpin ambil resiko bangun - jalan kaki sepeda biar untung
negative,danantara negara apbn pakai jokowi kayak korupsi negara bankrupt
negative,dpr dayus mama komisi siasat wooosh
negative,owi uhut suruh mbayar uang ngerampok wosh rakyat suruh bayar
negative,ajar rakyat indonesia pilih presiden lihat sederhana blusukan latar didik keluarga karakter presiden ambisi pribadi citra hancur hidup bangsa negara kali pilih presiden ri timbang matang salah pilih derita tahun
negative,jokow jokowi mantan persiden malu dunia pikir biar tekor kesohor
negative,lunas pakai apbn rakyat tindak
negative,ambisius parah usaha kolomrat perintah nya pikir nasib rakyat miskin kereta woos orang 2 kayak jabat 2 enak mohon perintah bijak rakyat miskin sulit ekonomi nya siang malam mikirkan cari makan susah kalo kampung buruh kuli babat rumput macul hari pul pagi jam 5 soreh 50 000
negative,siasat jokowi
negative,beres urus sih buat bijak pindah whoos jepang china
negative,rakyat nanggung
positive,betapa berat beban presiden keras beres kacau bagi cuci kotor
negative,sih negara negara bodoh bagus tanggung danantara tanggung perintah gagal paham
negative,anggota dewan bilang rakyat indonesia indonesia jawa tolong kasih anggota dewan indonesia pulau jawa lihat jalan jalan indonesia timur manjilat mati mati
neutral,sederhana nya solusi pasti dana talang hm
negative,biar angsur jokowi duwet jokowi sengsara rakyat
positive,nyali penting pimpin
neutral,panggil konsursium jepang tutup utang cina lunas nyicil jepang bunga rendah jangka pendek rugi jngka untung
negative,suruh jokowi termulnya bayar
neutral,wi wok deh tok not onle tok deh tok
negative,bengis era jokowi tawar jepang murah cari mahal jerit rakyat pajak tekan
negative,tenang balik prabowo lunasin hutang wosh kejut nya
neutral,busyeeert
negative,nih gara-gara pilih pimpin ri 1 pemprov daerah tri kayak ri 1
negative,akibat nya ijazah palsu
negative,salah bijak pimpin lupa buku sejarah ajar ulang
negative,pakai apbn bayar hutang rakyat marah marak demo
negative,jokowi salah jabat maling rampok begal uang proyek
neutral,lajut whoooos lanjur basah mandi
negative,jabat berani ngabil putus tranportasi rayak alangkah sayang nya berani contoh nya monorel mrt lrt berani gara gara amat bilang hitungan2 nya rugi bangun maju contoh belanda bangun kereta sumatra jawa bangun indonesia suruh rawat jabat berani
negative,ya allah negara indonesia kenal kayak raya gemah ripah loh jawi karunia hutang bunga kacau heboh n ribut bayar hutang rakyat susah suguh berita informasi bingung n resah
negative,tenang rakyat besok hakim sungguh mulut kunci saksi azab owi koroni nya
negative,ambil uang nenek moyang enggkau nando bangun kereta cepat whooosh jakarta surabaya
negative,proyek kereta whoosh mantan menteri hubung menhub ignatius jonan gara-gara duga kritik proyek kereta whoosh luhut binsar panjaitan tau skandal proyek kereta whoosh kpk panggil luhut binsar dipriksa
negative,masyarakat indonesia timur bangga kereta cepat masalah kecuali masyarakat domisili dijawa
negative,parlemen kuasa jokowi polisi kpk omong contoh bupati pati sudewo mesti sangka kpk bupati jokowi masyarakat sandera jokowi prabowo kuasa lawan jokowi hutang budi one piece comeback
neutral,prediksi guru gembul bukti
negative,opung bilang deh tau barang busuk teruskn proyek nya selidik
negative,whoosh jawab bahas whoosh muncunl tanggal 10 oktober 2025 sibuk sih dpr perintah danantara kalo share agenda bahas nya whoosh bahas prioritas
positive,warga indonesia rela iklas uang negara bayar utang kereta cepat modern uang negara korupsi jabat
negative,kayak ternak e jokower mikir sanjung sejutu kerjasama cina utang jokowi tanggung
neutral,besar besar mampu bawah standar
neutral,jokowi pimpin kcic uji
negative,jokowi bohong tutup bohong allah tidur
negative,dukung prabowo presiden prabowo bayang pikir jokowi presiden
negative,aku kesatria proyek ambisi hitung timbul petaka masa hukum sila proses orang orang libat pikir solusi bayar tagih hutang hindar
negative,utang bayar mark up proses mark up proyek jahat nalar sengsara bangsa nkri jokowi kau mati bayar dosa dosa dunia akhirat
neutral,cepat selesai malu negara ini batu rakyat
negative,bayar utang masuk rekening jokowi kroni
negative,jokowi bayar utang rakyat jelata butuh kereta cepat
neutral,lunas syarat alih teknologi kereta cepat alih teknologi j20 plus j10 50 biji
negative,investor china deh kapok indonesia
negative,evaluasi aspek bika mark up korupsi adil koruptor sita hasil korupsi bayar hutang
neutral,alternatif sahkan u ampas aset koruptor sita harta lunas hutang
negative,jkw bilang cari untung negara pakai dapat negara peluang koruptor kaya jkw pandai pinterin rakyat ya rakyat bodoh pintar ya
negative,prabowo pusing habis tagih utang korsel utang whoosh selesai bijak era owie
positive,indonesia
positive,prabowo
negative,jokowi ngeyel lu sih
negative,kasihan sih gendut terima waris utang mulyono
negative,inti woosh ekonomi morat marit program konyol ambisi citra pas konsep b b
neutral,asiiiik bebas sih mantan
negative,omong laku sih jokowi rezim hancur negara perintah
negative,repot kalo pimpin kualitas bisa numpuk hutang numpuk proyek manfaat ujung nya sengsara rakyat
negative,jokowi samaluhut prisaksa kpk bukti kurupsi jarah
negative,sih proyek proses audit uang timbul polemik belit koruptor pesta atas derita rakyat otak orang pintar bilang ntuk bodoh rakyat koruptor cs happy periksa wajib bowo baya biar nyahok koruptor mantan presiden
negative,dewan ajar rakyat konsumtif brutal ya bangga milik whoosh lilit hutang banding milik whoosh hutang rakyat makmur
negative,lawan rakyat gaung bersih skandal2 korupsi negara capai tuju negara mimpi negara
negative,jkarta bndung tnggung slruh rkyat konoha kocak konoha habis brmain cuci tngan periksa skandal korup pecat hukum berat berat nya budaya enak oak presiden
negative,skandal skandal korupsi negara rakyat tanggung kak rakyat berontak
positive,moga purbaya orang ikhlas emban amanah allah perintah prabowo rakyat indonesia orang percaya mari masyarakat indonesia belakang perintah prabowo purbaya insyaallah
negative,jokowi gila proyek
negative,fernando cari solusi citizens jual pulau enak sih jokodok bikin sial indonesia
negative,koruptor2 ddk pmrnthan prabowo serius berantas korupsi omon2 percy kah rakyat sih prabowo korupsi jamaah prabowo omong kosong
negative,kcic cicil 2033 cicil lho sibuk sulit uang restruktur reatruktur model cicil grace periode lho tuju bangun surabaya sepele daerah tol utara selatan sulawesi kalimantan
neutral,jkw luhut undang tv one minimal via zoom
negative,menteri purbaya erlangga ros bayar lunas hutang whoossh stop kemaruk ngutang malu dengar
negative,whoosh jakarta bandung doang sumatera rela apbn bayar utang whoosh
negative,isi sibuk ngebahas utang bikin pusing utang tinggal bayar lunas susah sih indonesia kayak raya tambang emas nikel batubara minyak dl
negative,tuntas korupsi orang sangkut korupsi tunda malu riiiba uang masyarakat uang darimana asal uang uang pribadi masyaallah
negative,jabat presiden tinggal utang ya
negative,bikin susah negara rakus haus jabat bikin linglung rampas aset mulyono luhut beres urang bijak repot rugi thnnya mending tutup
negative,gue pribadi tuju kalo kcic panjang jakarta surabaya telat momentum
negative,jokowi periksa kembali uang hsl setor setor nyaur utang
neutral,mudah ngelunasin utang whoosh danantara assetnya total 1 t usd rp 17ribu trilyun kalo - laba 10 rp 1700 t 50 bayar deviden sisa 50 x1700t 850 t utang whoose 120t klopun danantara ngelunasin utang whoosh mudah
negative,sangkut jokowi bukti takut jokowi
negative,tangung mulyono luhut prabowo takut tekan dua rakyat pilih prabowo peduli rakyat andal dua rakyat sempat prabowo presiden pimpin indonesia merwka dua benalu perintah prabowo
neutral,proses hukum
negative,proyek ambisius pribadi pikir dampak belakang rakyat pimpin mjd korban tanggung kalo keluarga pasak tiang
negative,jokowi presiden susah mati susah rakyat
neutral,pesta orang nanggung bersih bersih termul termul mikir
negative,woe respon dpr bertele2 kenyang ya dpr
positive,master ekonomi kibulin boneka2 partai ya kagak maju menkeu pilih baik kibulin pejabat2 suka enak tanggung beban
negative,rakyar rela bayar whoosh pakai duit pajak rakyat tanggung
neutral,kunci danantara induk bumn lunas hutang bumn
neutral,konsorsium bank nasional milik perintah milik swasta audit
negative,berani bodoh
negative,mark up nyata jokowi n cowok duit disimpen luar negeri ya jokowi suruh bayar n konco bancaannya
positive,elite politik dpr sport jantung gebrak purbaya kerja ungkap benar
negative,kereta bangga jakarta bandung kowar2 senang banget bangga pamer buka youtube isi wuuus eh bangga utang
negative,biar whoosh ambil debt collector
positive,salah bangkit berani positif negara berani positif nekat serampang bangkit bangsa kepentinga masarakat dampak positif simbolsimbol negara maju ya berani orang sukses tuju berani positif hasil indonesia ajar keberanianya indonesia biasa biasa mudah melakukanya hitunghitunganya pasif hasil pasif proyekproyek negeri kecuali proyek negeri tender biasa proyek kalo biasa mudah milik ilmu sukur sukur bumn expansi negeri proyek negeri tambah dapat indonesia contoh beli motor kredit niat fil berani ya hasil walupun uang ahirnya lunas ggk lunas set salah set idologinya salah ggk hasil biasa biasa masak telor 1 telor 10 biyayanya masak telor 1 selisih 100
neutral,utang bayar wajib usut
neutral,kcic ipo konsorsium china 11 40 51 hutang piutang urus bisnjs asset milik perintah 60 mati
negative,jakarta bandung megap megap bayar hutang
positive,pokok selesai ancam daulat negara
negative,suruh jabat mulyono mulyani proyek pakai orang duit
positive,rakyat dukung whoosh surabaya
neutral,setel nih tri
negative,info setel jokowi gibran of
negative,usut tuntas whoosh masalah
negative,busines rugi negara bayar kimak
negative,kacu negara akibat mantan presiden korup adil libat korupsi whoosh
neutral,maksud 60 tg indononesia ya tolong pakai data jelasin nya rp nya 60
negative,bangga indonesia kcic biaya hasil utang material china karya bangsa
negative,maksud rakyat bayar untung lahan korupsi sih mulyono sih lutung
negative,jokowi luhut kejar prabowo
negative,indonesia maju sejahtera pimpin terap ekonomi uud 45 pasal 33
negative,jokowi oan bungker geledah lbp audit prshaanya suruh tanggung untung rakyat buntung suruh tqnggung
neutral,hei amat mikir jawa timur lo kalimantan sulawesi sumarera
neutral,uya kuya
negative,pusing negara ujung perintah
negative,ha ha tanggung derita proyek kreta cepat jakarta bandung terus surabaya biar rasa kali lipat sakit berani ucap tanggung rakyat tunggu
neutral,hutang bayar pakai uang korupsi ribu triliun
neutral,si si 2
negative,coba cek cuci uang jokowi anak kolega busa mana2 wangi busuk aset2nya coba cek bank negeri pasti cerah 19 juta kerja ya negara kalah keluarga hukum pandang bulu kah
negative,nama rakyat tlng bpk beban rakyat terima kasih
negative,anjir nih anggota dewan bangga tekor
negative,dpr biang cobapeeiksa dpr ri
negative,sita harta kaya jokowi korup sita uang bayar hutang
negative,simpul kpk usut korupsi kelas kakap kpk usut korupsi kelas teri
neutral,baik daya beli masyarakat bahan barang imbang uang rupiah minim daya beli
negative,rt utang eh warga suruh mbayari
negative,mukidi opung terima fe ratus trilyun cina hasil 10 obral proyek tiongkok rampas sita aset pakai bayar whoosh usut whoosh nenyeret libat mulyono
negative,bangun rel lintas sumatra jawa butuh
neutral,janji manngkir proyek selesai bayar cicil proyek mangkrak kpk usut
negative,woosh transportasi massal konglomerat investasi sosial fasilitas orang kayak
negative,bayar enak tindaktegas oknum2 libat mark up proyek
negative,china natuna utara
positive,utang negara cari jalan solusi salah gituloh mantap president
negative,sita harya raup uang wos pakai repot
neutral,ayo sadar termul termul patungan
neutral,suruh mulyono ternak
negative,coba coba kepala negara presiden wenang wenang ambil bijak abn selamat proyek andil penting nasional presiden baik tekan ambisi proyek kereta cepat bertanggungjawab salah bijak publik korban daerah butuh perhati anggar pada bangun ekonomi sejahtera praktik henti ajar jabat gaji fasilitas uang rakyat ambil bijak hati hati
negative,rakyat indonesia bangga kereta cepat hasil karya anak bangsa dahsyat utang kreta cepat rakyat korban akibat presiden jokowi 10 rakyat adil jokowi rusak nkri korupsi kuota haji oertamina dl
negative,hancur negara uang buang manfaat bangun negara
negative,malu jokowidan kroni paksa hendak koruptor
neutral,utang whoos bayar uang rakyat rakyat salm purbaya
negative,nama bisnis rela rugi rugi paksa bangsa senang mewah ladang hutang biar tekor kesohor
negative,whoosh bisnis bayar uang pajak rakyat
negative,polemik ujung jkw cs
negative,jahat danantara untung diam bunting rakyat bayar
negative,sih jokowi sih opung menang nih prabowo rakyat nanggung hutang nya
negative,uang jkw opung luhut rela uang bayar utang rakyat negara bicara jeblak bicara untung bayar rakyat uang pribadi
negative,kpk periksa kereta cepat harga harga banding kereta cepat negeri dpr ri utang negara rakyat susah hidup nya 80 merdeka sadar orang orang kayak mahasiswa rakyat cerdas turun demo besar dpr ri
negative,cari solusi ya jkw opung luhut purbaya cs
positive,berani bayar asean indonesia bukti bahawa jaya whootang
neutral,purbaya cari panggung koar koar luar shrsny bicara presiden
negative,bangsa rakyat jakarta jawa nikmat bangun miskin
negative,gara gara jokodok ruwet ruwet
negative,jokowi keluarga usak bangsa smpi gibran posisi pegang peran negeri salah dukung jokowi pdip tggung moral usung 2 periode
negative,beban rakyat rakyat derita bohong
negative,prabowo pakai uang rakyat bayar whoosh proyek b b biar sekolah ngambil putus serampang tangkap adil whoosh tinggal rakyat
negative,puluh bumn bumd rugi habis apbn korupsi biar 3 ribut lunas whoosh pakai apbn danantara bayar utang bunga perintah
positive,utang rakyat bayar
negative,suruh sih jokowi projo serta rawan nya bayar tuh hutang kereta cepat
negative,mulyono bebas untung modal blusukan ijazah pulsa
neutral,gue bilang utang negara ya utang negara investor china tau negara indonesia sih termul mulyono danantara kayak apbn kayak bayar utang woi
negative,investor bank hitung layak tidak whoosh lanjut surabaya netizen indonesia gabung kelompok sakit hati harap jaba5an komisaris menteri wamen maklum kelompok sok pintar mulut diam da0at
negative,indonesia rampok
positive,purbaya bui jokowi
negative,jokowi luhut nikmat hasil rakyat suruh bayar hutang
neutral,proyek kereta cepat jakarta bandung whoosh panjang surabaya khawatir beban utang timpang bangun pandang valid cermin khawatir publik luas prioritas bangun infrastruktur indonesia pandang tekan prinsip negara satu republik indonesia nkri pulau jawa bangun rata wilayah perintah studi layak feasibility study rute bandung surabaya serta rute jakarta bandung studi evaluasi layak ekonomi dampak sosial panjang perintah timbang opsi dana beda proyek potensi partisipasi swasta kurang beban utang negara cari alternatif layak finansial debat putar proyek cakup beban utang khawatir tingkat beban utang negara panjang skema dana proyek whoosh tahap perata bangun alokasi anggar bangun pulau jawa kurang timpang tumbuh inklusif pulau sesuai semangat nkri prioritas infrastruktur bangun kereta cepat prioritas utama banding butuh infrastruktur dasar daerah pencil putus panjang proyek kereta cepat gantung hasil studi layak diskusi dalam perintah parlemen mang penting imbang manfaat ekonomi adil sosial lanjut fiskal
negative,khawatir suara ekonom analis bijak publik indonesia argumen tolak panjang proyek kereta cepat whoosh surabaya akar isu utama beban utang timpang bangun beban utang tambah bengkak biaya proyek eksisting proyek whoosh jakarta bandung alami bengkak biaya signifikan kira negosiasi utang tiongkok cari skema baik opsi panjang tenor pinjam 60 alam timbul khawatir panjang rute tambah beban finansial risiko fiskal ahli ingat paksa panjang rute kaji matang risiko tambah beban anggar negara apbn bumn kait beban uang negara khawatir utang risiko gagal bayar dapat tiket nilai tutup biaya operasional bunga pinjam kaji ulang anggota dpr ekonom rencana panjang kaji ulang dalam hindar potensi utang jumbo timpang bangun fokus pulau jawa kritikus dapat proyek proyek infrastruktur pusat pulau jawa kereta cepat dalam timpang bangun antardaerah indonesia anggap bangun pulau jawa bangun indonesia alih sumber daya khawatir fokus alokasi sumber daya proyek jawa kurang perhati anggar bangun infrastruktur wilayah jawa butuh wilayah timur indonesia prioritas butuh rakyat pandang proyek biaya fantastis layan segmen timbang orientasi butuh rakyat luas sedia layan dasar infrastruktur daerah pencil singkat khawatir utama panjang whoosh surabaya ulang buruk uang abai prinsip perata bangun nasional
negative,beres utang whoosh jokowi luhut bawa bawa rakyat indonesia
neutral,116 t negara indonesia ngoyo tebang pohon jati alas roban
negative,lum ikn wi wi plonga plongo sok an pinginya gaya an biar puji
negative,otak kosong atur negoro miskin tau endingnya birit lari takut
neutral,simak ngopi
negative,kereta cepat identik cepat bangkruut
neutral,batalin rencana proyek tanggul laut utara jawa bangun kereta cepat bandung surabaya urus utang atur ambil anggar mbak ikn
negative,akai apbn hidup koruptor proyek
neutral,menkeu bisnis bisnis lagipula guna dana konsorsium bumn negara diseleseikan bareng nilai proyek dasar angka uang timbang manfaat publik hasil komprehensif koneksitas kota mantap lanjut tahap hubung surabaya pasal investasi infrastruktur jangka indonesia paksa transfer teknologi ajar china beli jepang
negative,jokowi suruh bayar ngutang bikin bijak mosok rakyat urun
neutral,beres
negative,ya whoosh b b ngrepoti apbn usaha komersil sosial paklek jokowi sibuk cari bahasa belok tanggung negara
negative,samapi sepri prabowo hadeh simalakama kah nya asia
negative,ya jokowi luhut bayar proyek ugalan sok keminter ego busuk ambisi
negative,bumn uang rakyat indonesia bodoh rakyat terus
negative,bangun kereta cepat jakarta surabaya ruwet
negative,duga korupsi nya kesalahan2 bijak
negative,lbp rini sumarno jkw srimul wajib tanggung
negative,enak bicara rakyat indonesia sengsara
negative,maling uang rakyat indonesia maling maling maling
negative,menkeu whoos bayar pakai apbn tanggung ambisi jokodog
neutral,berani ya siapin antisipasi depan bangun utang lepas tangan
negative,ketua dewan awas danantara erick thohir bumn ribu trilyun uap menteri erick thohir timnas pssi gagal ketua erick thohir ditggu prestasi menpora erick thohir
neutral,- bayar usut tuntas duga korupsi uap
negative,malu konoha
negative,luhut joko termul nya buang nusakambangan insya allah beres nya
neutral,coba suruh bayar orang bilang kantong 11 ribu triliun
neutral,beda ya mrt lrt kereta bandara tol pulau jawa dl untung ya ngotak
negative,apa kosong
negative,omong narsumnya rugi panjang rugi surabaya
negative,bayang jokowi asih tagih cucu lo lahir bayar sisa nya
neutral,berani buat berani tanggung
neutral,wowo kecil utang whoosh mbak 300an triliun
positive,proyek kereta cepat proyek kereta cepat jakarta surabaya batal next project nasa versi indonesia indonesia kirim astronot masak indonesia payah astronot
negative,prabowo legenda hidup
negative,rakyat jerat pinjol perintah jerat pinjol negara
negative,kalo omon2
negative,pensiun rencana sangon hasil pensiun orang masyaallah perhati nya kerta api cepat bayar hutang nya pensiun sisi rencana sangon banding kerta cepat orang abdi 38 perhati bayar hutang bank pensiun miskin pensiun indonesia merdeka
negative,berlomba2 maling uang negara
negative,termul makan project ya kembali
negative,tanggung b b kalo lihat rugi periksa biar lelang manajen layak
negative,rakyat ikhlas apbn pakai bayar utang woosh ingat ngeyel lari tanggungjawab
negative,pusing salah salah bagus jujur konsisten maju cek ricek kpk polri jaksa semenjak bentuk kpk hsl korupsi tangan kpk ratus terliyun bareng sita koruptor mana uang bareng hasil sita koruptor maling ketemu garong
negative,whoosh bangga mulyono ya bayar utang
neutral,batu
negative,gara gara sih jokowi sih ahli leges tinggal nya harap pahlawan sejarah bangun niat citra bikin susah presiden
negative,kalo beres aset sih jokowi tarik bayar hutang
negative,dpr remeh whoos anggap mental koruptor
negative,utang 116 trilyun gede rugi pertamina duit bumn bancak biyaya partai politik
negative,dpr banyak reses
negative,mending bikin cepat provinsi kapai bikin kereta cepat kota jawa doang
negative,mas haji kowi pesta mas haji wowo cuci piring
negative,purbaya tolong hati nurutin bayar wus proyek wus bangga2an bangga rakyat indonesia slamatkan uang rakyat nurutin orang rakus
positive,whos sambung jakarta bandung surabaya hidup jkw hidup prabowo
negative,indonesia 120 triliun 150km arab saudi 120 triliun 1500
neutral,cost overrun perintah tau baik gaduh kalo ribut indikasi main politis pura peduli
negative,putus kayak duit pribadi je mikirkan beban anak cucu depan usut khianat kasi hati entar sapa pimpin depan krlian minta tanggung jaeaban kemana- kelian tenang kelian sukur-sukur hukum mati kelian hya sita aset kelian kalo hukum koruptor luar kelian tau sadis 75m 2t logika
negative,serah jokowi luhut proyek biar bayar beban rakyat
negative,mul mul rakyat miskin gaya gaya utang kereta cepat 120 triliun ternak kumpulin suruh bayar
negative,bangga kreta cepat jokowi mania bayar tuju rakyat indonesia harusmya jokowi dinasti termul bayar hutang enak
negative,jakarta bandung ngos2an
neutral,mending aktipkan jalur jalur rel
neutral,kondisi uang negara saatini kereta api cepat lanjut surabaya tunggu uang negara stabil kereta api cepat butuh saat banding butuh sektor
neutral,utang nya hehe
neutral,dpr
positive,dukung cepat wajib beres perintah presiden cepat surabaya jakarta wajib lanjut daulat ri
negative,suruh sih beruk lulus ugd ternak nya lunas
neutral,utang bayar negara proses hukum duga mark up duga korupsi selidik cari tanggung
negative,resiko presiden negara demokrasi coba2 putus proyek mau nya pribadi ngotot studi layak data akurat masalah belakang jadi kcic ikn
negative,awas hati prabowo me hetujui dana apbn prabowo jilat uang rakyat jkw luhut kroni2nya
negative,pikir prabowo mukjizat bilang beres beres
negative,rezim 10 kemarin isi jahat ayo usut tuntas kpk kpk
negative,bilang barang busuk beliau busuk nya ayo buka
neutral,nama hutang selesai ya bayar nyicil pokok bunga byr bunga grace period byr pokok jadwal periodik cuman opsi restructuring reshefuling reconditioning itu usul pakat belah
negative,pikir bumn pt kai milik negara ya milik nenek moyang mulyono pt kai uang negara pemyertaan modal negara pt kai layan p jawa
negative,gaji anggota dpr alih woosh
neutral,terus papua whoosnya
negative,penjara markup proyek opsi bayar apbn timbang
negative,ambil uang koruptor pusing butuh kak cepat
neutral,hutang tanggung negara tanggung jokowi
positive,bagus jakarta srbya bap indonesia negara biar maju kuat
negative,henti mbak pakai bayar utang guru politik nya prabowo
neutral,iya nama hutang bayar malu ri bayar negara gede
negative,rocky perintah prabowo perintah cuci piring
negative,whoose ikn 10th pengancuran nkri
negative,kudu kasih tanda kutip mustinye beres beres bos atur tenang jalan lage negeri
negative,sita korupsi bayar hutang
negative,dpr perintah coba2 ambil uang rakyat apbn rakyat rela marah
negative,buat sesuwatu sesuai mampu nafsu ambisi kalo korupsi
neutral,cari solusi nya
negative,ngakunya wakil rakyat rangkap buzzer
negative,suruh bayar mulyono sok pintar tanggung hutang negara tanggung rakyat sih raja gorong2 sih raja bual tanggung janga citra handalkan muak sih gorong2
neutral,oh saing pesawat terbang efek usaha garuda indonesia kalo kareta cepat terus kesurabaya
negative,anggota dpr jubir jokowibukannya bela rakyat tugas anggota dpr usut tuntas sinyal beres dsri proyek imi ex ketua tim lbp bilang barang busuk
negative,jokowi suruh tanggung lanjut duga mark up situ rugi cina santai2 tuh krnbuat cina untung rugi tutup indonesia dmua
negative,hutang kereta cepat ratus triliun coba banding koruptor minyak kelas kakap orang yaman sih riza cholid capai ribu triliun
negative,sekarangjadi masalah bayar hutang kcic hadir gagas laksana bentuk kcic tanggung jawab hukum ribet bayar hutang
neutral,tv one suruh aburizal beyar
negative,menteri buang
negative,rakyat - ambisi jokowi biar pintu korupsi
negative,bangga angota dpr bangga masyarakan ekonomi
negative,keledai jerumus lubang
negative,dasar nyata resmi bpk jokowi pas presiden whoosh skema bisnis b b kha negara kalang kabut ya
negative,solusi baik kcic suruh jokowi bayar hutang proyek ambisius
negative,korupsi jokowi sita aset bayar utang
negative,prestasi mulyono suruh tanggung suruh patungan ternak ternak duit biaya tua
negative,nikmat whoos orang orang kayak
negative,ulah jokowers usak sistem negara mantan perisiden buruk indonesia
negative,jokowi tukang ngibul wajib selesai utang kereta whoosh
negative,ya negara kalo nekat ya maju maju ya difikirkn anggar juragan kpngn ikutaan negara pjabatnya jiwa korup amburadul cerdas bpk2 pjabat
neutral,usut tuntas
negative,seret jokowi suruh bayar
negative,duh repot
