Processed_Comment,label
woosh dibantu warga malaysia ehhh malah malaysia dihina x sadar diuntong patotla bankrup,negative
saya yg tanggung apah negara yg tanggung mon monnntermul yg setia selalu mengabdi pada tuannya,negative
bravo presiden prabowo keputusan sudah diambil whoosh dilanjutkan sampai banyuwangi semoga berjalan lancar dan selesai dengan baik,positive
rakyat juga akhirnya yg bangun whoosh walaupun berat dan dipaksakan yg punya ide dan meresmikan cuci tangan soal hutangnya tapi nama besar dan pencitraan ingin yg nomor beban rakyat semakin besar padahal rakyat banyak yg susah kurang dinperhatikan whoosh yg hanta untuk kalangan tertentu diutamakan,negative
macan sirkus takluk sama pawangnya,neutral
enak jadi pejabat apapun jadi kan yang bayar bukan pejabat tapi kita rakyat gk bisa bayar tinggal jual pulau atau naikin pajak segampang itu bikin kebijakan saya sih oke saja tapi biaya harus nalar dan terbuka kalau wuuus ini kan diluar nalar,negative
apa caranya asal ngomong terus jadi atau kuras aja penghasilan rakyat gimana tuh omon omon doang,negative
bisa hentikan judi online,neutral
whoos malah mau dibayarin katanya mau ngejar koruptor sampai antartika ah omon omon doang,negative
aku baru mengakui kewalian prabowo kalo prabowo mengurusi mengetahui mau tau keterlambatan pihak pt wika gedung yang telah lambat membayar gajih pekerjaannya selama bulan,neutral
apa mau joko dpr manut aja timbul persoalan pada cuci kaki usul yg korup hukum mati,negative
purbaya belum layak di pemerintahan mundur saja integritas dan profesional mu belum bisa diterima di negeri konoha,negative
yg dikorupsi aja ribuan t sita duit koruptor buat bayr hutang indo,neutral
di hinanya sendiri itu pproyek kereta cepat banyak ruginya pembangunan kereta cepat didanai melalui hutang besar besaran oleh china state railway group sebelumnya china railway corporation dengan total utang mendekati miliar usd pada hanya sekitar dari jaringan yang benar benar menguntungkan sementara sisanya memerlukan subsidi pemerintah untuk bertahan sama dimari akhirnya di subsidi juga oleh pemeritntah,negative
ringan bgt keputusan nya tangkap selfester susah bgt,negative
ijin komen ke bila jt dolar di korup pribadi tentu pelaku pst di tangkap tapi kalo sj ini sih umpama masuk buat bantu bangun ikn misalnya itu sih tentu sj negara yg bertanggung jawab di putuskan oleh bpk presiden yaa kalo komenku krg tepat ya di maklum sj kan saya juga blg umpama bgtu mis,neutral
pantesan konoha makin merosot kalau di bandingkan dengan kemakmuran negara lain saat ini konoha sering sekali disebut sebagai negara miskin negara pengemis ternyata hutang woosh yang tidak masuk akal itu bukan nya dicari dalang nya malah di lindungi koruptor makin berjaya di konoha,negative
enak bener kalo omon uang rakyat di pakai buat hobi koleksi pesawat maniak pesawat buat bayar kereta nya pejabat dan foya dengan hutang yang harus di bayar generasi muda rakyat nya masih pada kelaparan dan beberapa meninggal kelaparan dan di hina penduduk miskin oleh negara lain kacau kacau konoha lol,negative
oke pak tapi siapa yg jadi tersangka rakyat meminta supaya ada tersangka karena jelas sudah rampok uang rakyat kalau pemimpin masih memaafkan orang orang tsb yaitu jokowi dan rekan rekannya jadi apabila ada pejabat di daerah yg korupsii di maafkan saja dan orang orang yg telah tertangkap ataupun sudah vonis dimaafkan serta dibebaskan jadi indonesia boleh korupsi,negative
klo pa prabowo intruksikan menkeu buat bantu bayar utang whoosh purbaya berani bantah kah,neutral
hmmmm pada akhirnya pak purbaya di seret utk pro pejabat kah,neutral
percuma suara kencang kl msh tunduk sm jokodok,negative
potong gaji dpr aja buat bayar cicilan woosh,neutral
hutang nya udah jatuh tempo harus bayar makanya kalo bikin apa apa harus di pikirkan dulu beli mobil gampang ya mending pake mobil jakarta bandung udh bisa cuma jam dan biaya murah pemerintah blo on,negative
kasian pak prabowo mreka yg pesta prabowo yg cuci piring tp salut sama pak prabowo mau beresi whoos mslh slnjutny ikn,negative
kalau skema pinjamannya b to b kenapa pemerintah ikut mengurusi benar penipu semua yg bicara,negative
jangan tertipu dengan bahasa investor investasi banyak yang gk paham dengan kedua kata itu kok sekarang pada kaget kok bayar hutang lah dipikir investasi itu apa investor itu apa dulu gw bilang china itu ngasih utang buat proyek itu gw di bully para hewan ternak mulyono mereka bilang itu investasi bukan hutang katanya waktu mau ngebangun proyek itu mulut hewan ternak mulyono pada berbusa sekarang menghilang dari peradaban,negative
presiden omon omon,negative
uang korupsi itu diambil untuk byr utang sisanya bagi ke rakyat,neutral
kren bnget jawaban kemenkue bapak purbaya,positive
saya yakin mereka tidak berani menangkap jokowi paling di tumbalin yg kecil dri dulu jg gitu,negative
saya yakin seyakinya semua koruptor yang ada desebut diduga moliono terlibat tidak ditindak lanjuti,negative
untuk pengagakan hukum yg beritergritas harusnya diaudit dulu yg salah dihukum baru minta perjanjian bilang atau putus hubungan diplomatik kalau kerjasa sama beran curang,neutral
whoosh biasa kasih uang jtan per hari kok utang,neutral
adili jokowi,negative
dpr gila rakyat sudah susah malah menduung di perpanjang,negative
plus rb t pajak inpor yg super gilaaaaaa nilainya,negative
bereskan pak lunasi lalu adili kedua orang yg terlibat itu,negative
indonesia makin maju semoga kita semua mendoakan kemakmuran negara sendiri dpr tak sesuai scenario dlm ekonomi sbb mereka sibuk hilirisasi ke luar negeri saatnya indonesia butuh pemimpin yg jujur betul betul nkri,positive
si joki i ama si luhur jual ke cina,negative
sono lah ke si jokowi sama si luhut ngapain minta ke menke jokowi dan si opung yg bertanggung jawab,negative
suruh penyefonggggg jokowi dan si luhut bayar naga tuh banyak bikin negara hutang sama cina,negative
ini utang negara besiknya kita bereskan utang ya udah bayar aja,neutral
pasilitas umum harus dapat untung kah,neutral
rakyat indonesia kalian tau kan harus berbuat apa,neutral
tangkap dulu jokowi perusak bangsa gak usah dibangun narasi narasi gra gara kalian lah negara ini terlilit hutang jadi pejabat modal nyogok,negative
pejabat yg buat kebijakan ini berbisnis gak peduli rakyat yg di rugikan edan tenan yaaaa klu gak mampu kok utang trus rakyat yg bayar puluhan thn peninglah,negative
cepat usut org yg ambil kebijakan nya mumpung org nya masih hidup di dunia,negative
yg membuat terjadinya kereta cpt ini siapa merekalah yg di mintakkan tanggung jawab jgn rakyat yg di rugikan dong hrs di usut tuntas semg pak prabowo bisa berpihak ke rakyat nya amin,negative
narasumber realistis positif semoga bisa diapresiasi juga oleh pihak yang mudah disulut dan mudah tersulut,positive
hutang belum lunas kereta api nya sudah rusak,negative
sonang jalan keluo eee korek jelah segaleeee jumpe masalah koje e kprupsi berantas aje kan selosaiii,negative
pengamat kebijakan publiknya kacau malah kayak pengamat titipan kcic harusnya tvone sebut dia perwakilan pro whoosh bukan pengamat,negative
yg mengeruk keuntungan dari vie proyek woosh mulyono san luhut yg harus bayar hutang adalah rakyat konsep mafia,negative
pasti perintah jokowi jga macem macem sama jokowi,negative
jangan bias pembahasannya bukan hanya masalah pembayaran tapi mengapa bunga dan biayanya sangat besar,negative
indonesia butuh repormasi total,negative
yang lebih penting banyak boos,neutral
kok nambah utang aja,negative
yang lebih penting bosannya boos,neutral
memang bengkaknya sangat tidak wajar ada kemungkinan ada yg ambil untung dari proyek negara dan kalau ada mungkin banyak sekali semacam penjarahan begitu nemu celah langsung diserbu rame rame dan sebanyak banyaknya sangat rapi yg menjarah siapa tapi yang dituduh siapa,negative
inilah bedanya orang sekolah dan orang hanya beli ijasah aja apalagi dalam mengurus negara pasti hancur jadi nya karna gak ngerti untung dan rugi nya,negative
bangga apanya yg buat juga negara china uang nya juga ngutang yg benar aja kalau uang kita sendiri msh ok lah berarti mmng kita banyak uang lha ini negara lain juga kalau hanya modal dibuatkan negara lain dg uang nya ngutang ya bisa buatttt jd apanya yg dibanggakan malu yg ada,negative
saya tidak setuju diteruskan ada pulau lain yang juga masih ketinggalan sumatra kalimantan dan sulawei juga perlu jawa mulu,negative
negara ini bukan jakarta dan bandung phm uang trilyunan habis di situ aja gimana di wilayah yg lain phm whoosh itu pencitra an dan koropsi dan yg lebih bahaya nya pembiyar an koropsi nya maka nya p prabowo hrs mengusut nya kpk atau ke jaksa an jangan cuma omon omon,negative
yang tanda tangan proyek siapa suruh di bayar utang,negative
kalau tidak dibayar pemerintah wajib bayar bunga utang t th sudah terlanjur harus ambil jalan terbaik harus diaudit bagaimana pelaksanaan proyek ini agar tidak ada kecurigaan publik ch padang,neutral
yg bayar ya kerjasama kan katanya b to b,neutral
pak purbaya gk mau bayar tapi danantara bisa mengatur dengan mengambil apbn dll makanya kalau ada kasus apapun bisa diatasi danantara dgn mengambil apbn dll,negative
tolong yg kekurangan ni haros di piker kan minta pendapat banyak yg nganggor,neutral
danantara habis buat bayar utang bukan buat investasi,negative
jangan suruh apbn rakyat dong pak perabowo suruh pak jokowi tanggung jawab,negative
daripada pusing mikirin transportasi kereta yang sampai rugi triliun kenapa ga perbaiki bumn di garuda indonesia tambah unit pesawat bisa jadi berapa tu subsidi lagi tiket buat penerbangan domestik dan mancanegara ekonomi pasti cepet berputar sesimpel tambah unit tanpa mikir lagi lintasan tinggal nunggu untung tu emang otak rampok,negative
good,positive
katanya itu swasta semua gak bisa bayar utang biarkan aja mereka pailit di pengadilan,negative
orang indonesia butuh dipecut kelamaan dijajah kalau g digebuk g jalan kalau g ada yg nekat g akan punya apa apa pd kebanyakan mikir para ahlinya malas maunya yidur tiduran jd butuh di tekan biar productive,negative
kenapa memaksakan bikin woosh agar bisa d korupsi proyeknya,negative
kereta cepat ada nggak yang dapat komisi kalau ada yang dapat komisi suruh bayar hutang,negative
jokowi lbp rini sumarno sri mulyani termul tangkap dan sita aset nya buat bayar utang kcic berani ga prabowo,negative
jangan terkecoh tetep fokus ke coretx dan partimina,neutral
keluarga pakwi yg melunasi jng kami rakyat kecil,negative
sengaja banget di push di akhir biar di cap pahlawan tapi gamau tau gimana caranya beresin kerusakan sama kekacauan nya,negative
jokowi punya bunker uang mungkin ribuan trilyun klo dia mau bayar hutang nya bs dia bayar kpk hrs periksa rumah jokowi sita uang nya untk bnyr hutang nya,negative
apa bila ijasah joko benar palsu artinya hutang negara menjadi hutang pribadi dan harus di hukum,negative
siap dibereskan paling cepat dlm thn oleh danantara,neutral
masa dpr gk tau,neutral
caranya gimana sudah bener itu purbaya ga mau nalangin nanti semua modus korupsi gitu proyek gede boncos minta talangin apbn lagian sudah ada danantara sebagai hjolding bumn masak untungnya bumn mau ngakuin tapi ruginya ga mau beresin tapi minta talangan apbn bener kata purbaya lhah danantara kerjanya ngapain,negative
ssssttt jangan berizik prabowo juga perintahkan untuk menjajaki kemungkinan kereta cepat whoosh dilanjut hingga surabaya,neutral
bunga hutangnya suruh jokowi yg bayar,negative
pengalihan isuuue ini rakyat jngn terkecoh babay pejabat yg korupsi malah bahas inih udah jelas tu yg korupsi yg merasa berkuasa yg sok jagoan sok ngatur harusnya di gulung setahun ke rakyat,negative
dulu wktu menku masih bu sri mulyani ya uang apbn masih di gelontorkan buat bayar hutang woosh makanya giliran ganti mentri langsung kelimpungan ga bisa bayar,negative
arab saudi km t juga x lipat panjang nya tp biaya nya sama yg membuat kebijakan yg merugikan negara sdh bs di pidana kan bs di proses,negative
kalau bisa kontrak besar dilakukan dengan kedua negara republik indonesia dengan pemerintah tiongkok dan republik indonesia dengan pemerintah jepang walaupun insfrastruktur yang diinginkan sama pasti ada keunggulan yang jauh dari kesepakatan kontrak pembangunan infrastruktur dua duanya wajib dipakai,neutral
berikan saja pemerintah tiongkok kontrak lebih besar lagi pembangunan infrastruktur jalan terowongan bawah laut dari sumatera utara ke kalimantan barat dan sebaliknya dari kalimantan barat ke sumatra utara kepercayaan dan kontra besar bisa menutup reses hutang whooos railtrainway,neutral
termul suruh bayar utang kereta cepat enak aja situ yg nikmati kita suruh bayar,negative
betul itu di bngun buat fasilitas umum buat majuin negara bkn di nikmati pribadi negara kita sgt kaya apapun bisa di bangun buat nyjhterain rakyat di nikmati umum yg hrs di brantas adlh manusia yg korupsi habiskan miskinkan,positive
yg berpikiran perpanjangan kereta cepat sampai ke surabaya padahal masalah kcic sendiri hanya jadi beban itu pikiran yg biar belangsat asal keran adalah perbuatan nekad,negative
rakyat komen yg cerdas,neutral
rakyat komen yg cerdas,neutral
kalo kalkulasi bank nya udh bener tapi duitnya dikorup ya bank investornya g salah,negative
dampak ambisi jokowi bangun ikn jadi semua hal di korupsi,negative
jokowi paraaaahhh,negative
jangan mau pak purbaya kalo di buat patungan suruh bayar tanggung jawab lah itu yg punya ide,negative
bayar dan usut,negative
adili jokowi dan ternaknya d mulai dari makzulkan fufu fafa,negative
adili jokowi terus rampas harta kekayaan hasil korupsi nya terus bayarin hutang uang negara kaya nya cara ini lebih efektif,negative
awas aja uda gaduh sedunia gini trus gak ada orang yg dihukum rakyat terus dibuat mlongo liat kinerja pemerintah yg kurang amanah,negative
betul instruksi presiden prabowo segera dan cepat slesaikan hutang kreta cepat jngn cuci tangan beban sudah berat utang yg lain blum lunas kok ada bisnis kreta cepat utang lgiii ap biar hancur negara ini gk ush nunggu th lgiii ank ccu kita msok di warisi utang trusssss,negative
impian rencana kebanggaan punya ka cepat syah sj pak tp sbg orang awam akurasi data ttg pasar pengguna ka woosh ribu hari utk klas menengah keatas efeck multiplayernya apa feasiblity study siapa tahu diminta diatur hasilnya hrs feasible akibat hasil study feasible yg gak feasible sekarang jadi kebingunggan utk membayar utang adakah urgensi sgr punya kereta cepat shg perlu utang utk ujudkannya selesaikan dulu bisnis b to b baru mimpi lg lanjutan jakarta surabaya karena rakyat butuh bantuan dr pemerintah dugaan adanya korupsi mark up dll wajib diusut,negative
negara kita itu sebenernya belum benar layak untuk kepikiran teknologi terbarukan karena lihat saja pulau indonesia lainnya kondisi atau perkembangan nya seperti apa ga akan jawa bisa semaju ini kalau ga ada tuh tambang di kalimantan maluku bahkan papua pemerintah seharusnya jangan dulu memikirkan teknologi yang cukup kaget bagi rakyatnya tapi lebih memilih ke pemerataan dulu apa layak papua korbankan alamnya untuk nikmati infrastruktur yang bahkan tidak mereka rasakan negara korbankan wilayah untuk wilayah lainnya ga mikirin rakyat terdampak hey pak kalimantan itu punya kita loh sulawesi indonesia juga loh papua punya rakyat loh pak miris rasanya kaya akan mata air tapi harus nunggu air bersih untuk kebutuhan sehari hari sekali jangan ngebet majukan jawa coba lihat pemerataan wilayah selainnya kalau pikirannya seperti itu bikin aja negara sendiri misal jawir jawa indonesia raya eh kalaupun bener jawa pisah bakal miskin sih negara karena faktor donaturnya harus ngemis ke pulau sebelah,negative
jangan cuma hutang whoosh dibereskan tetapi jokowi juga dibereskan karena dia yg menimbulkan banyak masalah dinegara ini,negative
semoga pak prabowo segera sadar lepaskan bayang jokowi dari bapak dan pecat semua termul yang menjadi pejabat dilingkungan kabinet bapak,negative
plus minus pasti ada cuman kita harus bisa melihat kemampuan kita untuk melaksanakan suatu proyek,neutral
tuhan jokowi dan malaikat lohut yang bayar,negative
hal yg gk penting dibangun gk ada manfaat ninggalin beban utang bagi negara kedepannya,negative
suruh ngemplang aja ya se,negative
biar lungut sama jokowi yg tanggung kenapa bikin susah presiden baru kandangin dua orang ini adili sita kekayaannya miskinkan,negative
gapapa di bayar tapi harus di usut itu kalo di bayar gak di usut enak banget mafia korupsi ini,negative
kereta cepat sangat penting untuk bangsa indonesia di masa depan besar mana mbg t apa whoosh t mana sebenarnya yang menghamburkan uang,positive
pak prabowo saya pendukung bapak tapi saya akan kecewa berat sama bapak kalau bapak tidak berani mengusut korupsi dinasti jokowi,negative
pak prabowo jokowi dan luhut yg harus bertanggung jawab,negative
inilah pandangan anggota dpr kita yang bangga dengan kereta cepat walaupun dililit hutang saya yang tidak tahu tentang bisnis tapi kalimat yang saya mau sampaikan bahwa jangan pakai istilah kaya dijalan miskin di rumah,negative
nama jokowi akan selalu terkenang sebagai presiden paling korup di dunia contoh presiden perusak konstitusi presiden yang tidak pro pendidikan tinggi presiden yang membangun kekuatan dengan menciptakan rakyat sendiri dengan membuat rakyat buatan yang bernama termul dengan dana yang berasal dari korupsi yang dilakukan oleh genster solo secara terorganisir dan masif untuk pemerintahan pak prabowo segerakan audit jokowi dan kroninya sita kembali harta mereka dari hasil korupsi untuk kembali dipergunakan oleh negara,negative
dpr bukan seorang pemikir ekonomi yg dipikirkan only subsidi utang,negative
kalau boleh bkn ke jakarta bandung trus kan ke surabaya malang bila perlu bali karna semakin jauh perjalanan semkin ramai rakyat memerlukan lagi pula mereka bkn mau ke jarta bandung suda ada yg mau ke bbali malang dan sebagai nya,neutral
whos ini makin panjang perjalanan nyasemakin muda untuk pembayaran nya karena mungkin ada orang mau ke sura baya malang yg memelukan,neutral
justru rakyat khawatir kalau dpr ri ikut campur lagi krn rakyat sudah tidak percaya kepada dpr ri,negative
keruk tambang bayar lunas selesai,neutral
prabowo jelas sangat melindungi jokowi sang mentor,negative
bangga selera tinggi ekonomi rendah,negative
cara beresinya bisa cpet sbnernya hitung total hutang hitung pemasukan dari berbagai sktor pajak dan lain lain lalu hitung berpa kepla anggota dewan berpa dana lain selain gajih anggota dewan lalu kikis sementara dana dana lainya ubtuk angota dewan cukup kasih gajih pokok dan uang mkan dan jabatan sewajarnya maka penambhan kas negara akan bertambah dan bisa membayar hutang secepatnya saya yakin klo di tanya anggota dewan apakah kalian pngen hutang indonesia segera beres pasti jwabnya ya tingall mau gaa berkorban sementara tahun juga beres mungkin,neutral
stakeholder ya ngaco bikin doang klo g ada benefit malah defisit malah dibangun,negative
stakeholder ya ngaco bikin doang klo g ada benefit malah defisit malah dibangun,negative
stakeholder ya ngaco bikin doang klo g ada benefit malah defisit malah dibangun,negative
bukang seluru indonesia naiki pak,neutral
enak aja suruh bayar pake duit rakyat,negative
siapa utang dia tanggung jawa,neutral
ulah siapa ini,neutral
yang buat bayar uang rakyat,negative
whoos itu simbul kemajuan negara yg bangga juga negara,positive
siapa yg mau bayar smpi tahun,negative
dia pergi meninggalkan bnyak utang,negative
stasiun tv skrang tum mkin ngk jelas skrang terlalu banyak menampung gosip bukan mmbrita kn hal yg pasti justru mempolitisi fgur seseorang hanya untuk mengejar reting stasiun nya jadi basi berita basi dan sma dgan sinetron berita skaran ngk ad benar nya,negative
beres kan bukan di lunasi artinya siapapun yang terlibat dalm kejangalan akan di beres kan,neutral
untuk apa kerta cepat kalau hutang negara semakin menggunung di umpamakan sbg rumah tangga mengukur dari pendapatan dan pengeluaran kalau lebih besar pengeluaran bisa bangkrut,negative
komentar buzzer semua pada bodoo,negative
plin plan,negative
itu tdk bisa dianggap biasa karena hrs diketahui oleh masyarakat dari b to b ke g to g,neutral
setiap pembanguna di negara terlalu di campuri politik runyam nantinya kapan majunya megara sedangkan orang politik selalu mementingkan politik nya,negative
ojo kemajon gebuk dasmu occrp,negative
luhut cs suruh bayar utang pak,negative
maju dasmu mul termul besi bisa karatan rongsokan barang bekas whoosh mangkrak rusak mesinnya whoosh whoosh impor koruptor pesta,negative
suruh jokowi dan termul yang bayar hutang gua dunia akhirat gak rela pajak gua biat bayar hutang whooosh dan gua demi allah gak bakalan naik whooosh sampai kapanpun termasuk anak turun gua camkan itu woe koruptod dpr tod jokontod dan termuntod,negative
whoosh memanjakan para koruptor occrp rakyat yang miskin naik becak saja biar ekonomi recehan bisa berputar,negative
pelantikan persiden mau di ikn m mooh emangnya ikn ibu kota negara apa ikn rekayasanya para termul occrp kota hantu,negative
tidak semua orang berani naik pesawat harapannya semoga ka cepat jakarta surabaya segera diwujudkan,neutral
indonesia kedepan akan selalu susah kalau pemerintah nya masih begini cara pikirnya pemerintah aja melakukan hal yang sifat nya gaya gayaan bukan mendesak namun akhirnya menyusahkan rakyat tidak punya kemampuan bayar gimana mau rakyat kecil bangkit dari kemiskinan,negative
hutang whoosh potong bunga banknya biar masuk akal,neutral
lanjutkan sampai kalimantan itu baru luar biasa biar semua bisa menikmati hasil pajak,positive
yang ditahan kan banyak pak buat apa yang segitiga banyak pak,neutral
ada masalah apa sebenarnya,neutral
ayo beres beres korupsi biar kereta cpt bisa terbayar dt uang korupsi jgn sampai pakai apbn cpt uu perampasan aset koruptor disahkan psti beres utang kereta cpt tp bayarannya lambat,neutral
secara tdk lgsung rakyat diminta memaafkan yg sdh korupsi,negative
jangan sampai setali tiga uang dengan mantanny apakah masih mengharap pemerintah perpihak kepada rakyat para para koruptor sll di lindungi allahu akbar m,negative
sebaiknya investasi kereta api untuk di pulau sumatera kalimantan sulawesi dan pulau lainya shg beban transportasi orang dan barang lebih terjangkau antar daerah di indonesia lebih byk dirasakan oleh masyarakat menengah ke bawah,neutral
kalau gak diusut gak ada bedanya siapapun presidennya,neutral
jangan jangan nanti cina dalam negosiasi minta ganti salah satu pulau indonesia,negative
gaji anggota dewan saja yang untuk nyicil kayaknya cukup,neutral
aman jokowi dan pengikutnya prabowo sdh turun tangan mencarikan jalan keluar utang whoosh,neutral
hanya karna makhluk yg keluar dari gorong juta rakyat indonesia menanggung utang s lama tahun,negative
bereskan dulu korupsi penggelembungan dana pembangunan biar gak di ecek pejabat yg lain yg punya niat yg sama berkedok tranportasi massal tp dana gak masuk akal,negative
bahas jg hutang negara pd rakyat yg tertera dlm konstitusi yg semenjak merdeka blm lunas yaitu melindungi segenap bangsa indonesia seluruh tumpah darah indonesia realitanya hanya para pejabat elit berduit yg terlindungi baik secara hukum ekonomi memajukan kesejahteraan umum realitanya hanya anggota dpr pejabat negara yg kesejateraannya selalu mengalami kemajuan mencerdaskan kehidupan bangsa realitanya pemerintah malah membodohi rakyatnya dg tdk adanya transparansi dlm hal tertentu pendidikan tk sepenuhnya bisa di gapai rakyat kapan hutang ini akan di lunasi wahai penguasa negeri,negative
suruh jokowi sama luhut yang bayar mereka itu yang menjadi biang kerok atas utang ri yang semakin menggunung terutama si jokowi yang hanya sekedar jago ngutang tapi gak punya solusi buat nyelesaiinnya,negative
rncana whoosh smpe surabaya tp ngutang besar mau cari nama proyek gagahan tp ngutang lebih baik urus rakyat di sana sini masih bnyak sekali yng masih hidup kesusahn parkir miskin anak terlantar blm yerurus dngn baik sdh jd kebiasaansetiap ada proyek besar sellu ada korupsinya,negative
proyek scam penjelasan penjabat semua omong kosong semua rusak negara ini dipimpin penjabat model macem ini mau sampai kapan indonesia begibi terus,negative
biarkan aja biar ditarik leasing klo leasing ambil pulau ya war kita,negative
rak yat harus cerdas biar negara tak punya hutang kurupsi harus tak ada,neutral
termul asu,negative
yang bikin penyakit nya jokowi dan luhut yg mengobati nya prabowo dan purbaya,negative
kenapa harus mengulangi lagi kesalahan dalam di buatnya kereta cepat jkt to bdg yang sebenarnya belum perlu dan bukan kebanggaan bangsa kala mau jujur lebih bagus buat perencanaan program kereta di sumatera dari aceh sampai dengan lampung kereta trans sulawesi kereta trans kalimantan kereta trans papua ambisi yang tidak mementingkan rakyat indonesia ingat sumatera kalimantan sulawesi papua semua adalah bagian rakyat indonesia bukan apa apa bangun kereta cepat jakarta to bandung,negative
kalah sama geng solo,negative
miris ya mmbatal kan kereta cepat lihat kereta cepatnya maju,neutral
jangan pandang bulu he pak prabowo jangan takut harus tegas kalo mau jadi pemimpin demi rakyat,negative
byakan pada saling lempar tanggung jawab yg penting cepat bayar karna udh jadi tapi tidak juga harus di usut ada unsur korupsi ato tdk pemerintah pak prabowo harus tegas jgn lempar bertuk tim khusus kcc,neutral
rak yat jangan di buat beban sebelum bertindakrpikir dulu he sikurang ajar sijokodok emang kurang ajar,negative
makanya usut itu jangan diam saja,negative
ini dpr kayaknya ambisi sekali melanjutkan proyek kereta cepat ini jangan jangan dpr sudah terima suap dari jokowi semasa menjabat presiden,negative
dah dibreskan saja kita mulai dari awal kalau perlu habis dibereskann dijual saja shoopy atau marketplace,neutral
pak purbaya jangan mau bayar kcic ini ini adalah urusan jokowi dan luhut binsar penjaitan ini akal akalan jokwi serta luhut binsar penjaitan lebih baik kembalikan whoos itu kecina lagi suruh angkaat lagi kereta cepat nya iru buat dibayar proyek penggelembungan biaya korupsi jokowi fan luhut binsar penjahitan,negative
bayar aja pake uang rakyat seenaknya aja kalian,negative
betul harus segera di lunasi jgn sampai lebih dari thn tidak selesai bisa sgt brbahaya,neutral
ya udh kasih aja ke china trus china yg mengelola sampe berapa puluh tahun selesaikan,neutral
mulyono luhut dan et yg harus bayar jng bebankan uang rakyat,negative
wooshh woosh wuzz bablas duite ulah raja jawa yg kaya tambah jaya yg miskin tambah sengsara harus tanggung jawab suara rakyat bawah,negative
kalian di dpr ri dan para menteri pejabat bumn korban kan gaji setahun utk bayar utang woosh bantu jokowi,negative
yg nanggung kan kedua belah pihak perusahaan cina dan indonesia,neutral
berani saja gk cukup bung kl masih belum bersedia dr hal kemampuan,neutral
sama kayak permintaanku apa ak cocok jd presiden,neutral
sudah jelas mark up di lingkungan pemerintahan jokowi harus di usut krn ini menyangkut kedaulatan bangsa dan negara,negative
utang whoose jgn dibayr rakyat gak makmur,negative
c mulyono yg berani ngutang ya dia jg lah yg harus bayar,negative
harus e jokowi dipenjara gara pernyataan nya kalo gak ambil untung pasti rugi gitu di serahkan kepada pt bumn kan ada undang undangnya bumn gak boleh di rugikan,negative
saya sangat berharap segera wujudkan juga yg jkt sby,neutral
bereskan juga sutradara kereta china itu pak wowo,negative
tanda prabowo mulai takut digertak jokowi dan para termul,negative
bikin ribet generasi penerus aja pak pak kalau di dunia saja bikin ribet gimana di akhirat taubat taubat sebelum ajal minta maaf lah pada rakyat ingat generasi kalian juga yg akan merasakan,negative
firnando bangga dan teruskan whoosh ini rakyat menderita di kampung anda mesti lihat anda hanya memikirkan untuk orang kaya utang utang korupsi ini whoosh untuk kami rakyat tidak perluh,negative
presiden prabowo menugaskan tim inti yang terdiri dari purbaya yudhi sadewa menteri keuangan airlangga hartarto menteri koordinator bidang perekonomian rosan roeslani ceo pt danantara investasi indonesia sebelumnya menjabat wakil menteri bumn tujuan utama menyelesaikan masalah utang tanpa menimbulkan gejolak pada perekonomian negara dan memastikan proyek strategis nasional tetap berkelanjutan serta yang terpenting tidak membebani anggaran pendapatan dan belanja negara apbn waktu perintah perintah ini disampaikan dalam rapat terbatas ratas di istana kepresidenan pada sekitar akhir oktober,neutral
bpk luhut mana ini gk keluar suaranya,negative
utang k c serahkan pada bekas precident pejahitan sri mulyono mentri perhubungan yg kemarin kapolri yg masih berkuasa periode rakyat jatim gak butuh kc uda ada kapal terbang bis patas trevel gojek,negative
hhhhhh ngapain pusing pak suruh pemuja nya aja yang bayar patungan hahahaha,negative
gak belajar dari transportasi umum yg udah udah memang dengan adanya kereta cepat dari manapun nyampe jakartapun public bakalan pada naik kereta cepat gitu demi mengurangi kemacetan kan statement jokowi kereta cepat di buat untuk mengurangi kemacetan kan yg udh terjadi puluhan tahun trus ada busway macet berkurang nggak malah nambah menjadi jadi kan masyarakat lebih senang memakai kendaraan pribadi krn di nilai lebih cepat sampai dan lebih irit waktu dan tenaga tapi sial nya malah membuat jalanan jabodetabek jadi padat lah ini ada kereta cepat yg harga tiket nya ratusan ribu orang kalangan miskin atau menengah mana ada yg mw naik malah menyusahkan masyarakat dan negara akhirnya ini murni proyek ambisius sih dengan perhitungan yg gak matang sama sekali bearti tanggapan nya kalo ambisius yaahhh well public skrg udah banyak yg smart pasti taulah apalagi kalo bukan bisnis dengan china yg bisa menyebabkan yg gak di inginkan cukup sekian wkwkwk,negative
makanya gak usah rame rek rek wis to opo jare cak presiden ae gitu kok angel,neutral
korupsi hutang sekarang yg ramai di bicarakan indonesia kaya harta tapi pejabat nya bnyak korup,negative
ya mmg harus di slesaikan oleh si pelaku hutang tsb bukan tiba melempar tanggung jwb pindah mandat ke presiden yg baru menjabat itu seharusnya di slesaikan sebelum jokowi habis masa jabatan,negative
buat rakyat dan buat kemajuan masa gk kebayar kelola donk klo bs bagun semua kereta cepat di negara ini itu baru mantap,positive
anwar ibrahim dan mahatir tertawa akhir kena batu juga,negative
benar sekaki kata pak purbaya suruh tanggung jawab yang punya id dan yang memutuskan dan yang bagi bagi fie pengambilan keputusan saat itu diusut dulu jangan rakyat yang suruh bayar utang,negative
ujungnya tetep rakyat yg suruh membyar hutang,negative
luhut dan jokowi sdh kongkalikong mereka lah harus di periksa,negative
mahfud md mana paham dengan prosedur nya,neutral
luhut sama anggota dpr ri yang tanggung jawab pemerintah jangan ikut campur,negative
beresin gpp tapi jgn pakek uang rakyat apbn ya,neutral
bubarkan dpr supaya bisa bayar hutang dpr beban negara,negative
kami warga negara yg di luar jakarta sampai ke jawa tidak ikutan dalam hal whoosh ini krn kami pasti tidak bisa menikmati nya,negative
bijak tegas amanah istikomah diperlukan mentri,positive
luarbiasa pak jokowi berhasil melobi cina utk proyek ka cepat wooossshhh dg sistim bb artinya dg modal bisa punya ka cepat tehnologi tinggi dunia saat ini,positive
menteri perekonomian menurut saya tidak cerdas mengapa seorang ekonom yang jenius seperti pak ikhsanudin noorsy tak di panggil presiden beliau sangat jenius jujur dan amanah ilmunya sangat mumpuni erlangga tidak cerdas minim ilmu cuma ketum golkar dulu saya abrorry adams di lampung,negative
kereta cepat whoosh adalah pencapaian projek teknologi tercanggih yang sukses dibangun indonesia bersama sama dengan partner dari cina dan kesuksesan ini harusnya menjadikan semangat untuk mencapai lebih dari potensi kemajuan yang sudah ada bukan sebaliknya menjadi patah arang kajilah dengan baik bagaimana mengoptimalkan fasiitas yang sudah dibangun untuk mencapai produktifitas yang diharapkan misalnya dengan program program promo wisata edu dll lihatlah india vietnam dan thailand yang tidak bisa menyelesaikan projek sejenis dengan baik,positive
mantaaafff mas wahyu jawabannya sangat optimis tentang ka wooossshhh anak muda indonesia yg di wawancarai wartawan ditengah keramaian stasiun ka,positive
ini ujuian kpk kalau kpk tidak mampu menyelesaikan kasus ini mendingan aha kpk,negative
insyaallah kelak ikn dan whoosh akan jadi kebanggaan bangsa indonesia ke depan whoosh bagian dari infrastruktur modern dan transfer tehnologi yg ilmunya bisa dipakai pt kai mbuat kereta cepat berikutnya infrastruktur whoosh membuka titik titik pusat ekonomi baru yg dilewatinya pemimpin bervisi ke depan ditertawakan para penakut indonesia bisa membayar hanya tak ada kemauan dari pejabatnya yg korup,positive
uu prampasan aset koruptor harus segera di syah kan dpr kalau dpr gak mau pemerintah harus mwngeluarkan perppu prampasan aset koruptor indonesia pasti makmur,positive
kita bisa lihat dari video ini anggota dpr tidak berpihak ke rakyat kecil,negative
luarbiasa pak jokowi telah membuat indonesia maju tinggal rakyat harus juga menyesuaikannya dg cara mengurangi memakai kendaraan pribadi dalam kesehariannya didunia ini negara maju rakyatnya memakai kendaraan umum,positive
seharusnya jokowi dan prabowo duduk satu meja biarkan mrk bicara dari hati ke hati klo dpr bicara sampai kiamat juga percuma krn mrk tdk punya wewenang apapun,neutral
patut di ingat ya indonesia bukan dri bandung smpe surabaya ingat hutang nya siaoa yg bayar dri sabang smpe marauke,negative
srh beresin pak mulyono luhut dan para termul aj,negative
nggak jelas juga perintah ini kesiapa,neutral
yg dirasakan oleh rakyat jawa bukan rakyat indonesia,negative
bersyukur kalian dijawa begitu banyak dibangunkan infrastruktur ketimbag kami didearh kuhususnya wilayah timur jalan dipropensi sj bgitu banyak hancur dan makan korban,negative
maaf bang arthor itu bukan keberanian pemerintah tapi itu ketololan mulyono udah tau para pakar ga setuju dan sudah di hitung bakal rugi ini malah maksa demi pencitraan,negative
kalau sebagai bangsa kita selalu takut melangkah maka selama nya tidak akan pernah jadi bangsa yang maju kalau kita selalu saling menyalahkan atas langkah yang kita ambil maka tidak akan ada pemimpin yang berani mengambil keputusan jangan lah menjadi bangsa pengecut coba perhatikan sejak gusdur sampai sby apa yang bisa di capai gak ada semua sibuk berpolitik semua ja im,negative
pak purbaya hrs bersikap tegas ttp menolak utk membayar hutang whoos menggunakan uang apbn harapan rakyat cuma anda pak,negative
kereta cepat jkt bandung ataupun jkt surabaya banyuwangi semua tidak feasible apalagi harusnya jkt bandung itu tidak pernah karena potensi marketnya pasti lebih sedikit vs ke surabaya banyuwangi selain itu jarak jkt bandung itu terlalu pendek maka capex opex nya sangat mahal per km nya maka prioritasnya selesaikan problem jkt bandung ini tanpa memikirkan lagi utk di extend ke surabaya karena itu akan membuat beban debt yang makin besar kpk harus usut selidiki mark up kereta cepat ini karena sungguh keterlaluan mahalnya sebagai bench mark kereta cepat arab saudi yang jaraknya km itu lebih kecil biaya investasinya dibandingkan kereta cepat jktbandung,negative
kan jokowi di kantongnya punya trilyun waktu pidato harusnya t masih kecil lah jokowi seret dah tuh yg kmrin dia yg mutusin,negative
ganti nama aja jadi buhs artinya nggedebuhs,negative
dpr tidak akan bekerja untuk rakyat mereka bekerja sesuai isi perut bos partai mana pengawasanmu,negative
tangkap dulu para pemain mark up duit anggaran itu,negative
pasti ada hikmahnya,neutral
dpr lupa kalau punya pr uu perampasan aset apa nunggu rakyat turun lagi jgn pura amnesia kalau pemerintah meremehkan aspirasi masyarakat hati bom waktu lebih dahsyat lagi,negative
kasihan persiden pak prabowo jadi sasaran buat membereskan utang akibat ulah mantan presiden tak punya perhitungan haya mikirin kekuasaan dan kedudukan nya,negative
waktu jadi presiden nyusahin rakyat pas jadi rakyat nyusahin presiden hadeuh,negative
ayo yg pernah pilih mulyono urun lunasin woossh monggoo,negative
kalu bisa jalan sampe surabaya ya nambah lagi hutang nya bagaimana masyarakat gak kuwait kalu dpr mementingkan golongan partai gak ada dia mewakili rakyat,negative
di bereskan pake apa bos klau bukan rakyat yg di korbankan segala macem di naikan maknya jadi pemimpin bicara nya jngn di luar kemampuan yg masuk akal aja kompanyenya,negative
macan jadi kucing piaraan,negative
usut juga tu proyek anis bikin gorong gorong tp masi banjir suruh bayar abis juga tu termasuk sama program gagal dampak banyak pengangguran jadi asal jepathidup gembellll,negative
cari dana korupsi sita buat bayar kereta cepat,negative
sebelum bayar usut dulu ada tindakan korupsi nggak,neutral
akibat rezim jokowi cs numpuk utang negara,negative
harus di proses jokowi dan luhut,negative
betul yg tanggung jawab adalah jokowi dan luhut program mereka berdua,negative
rampas aja rumah dinas di solo itu di lelang untuk nutupi utang whoosh,negative
sekarang selogan biar tekor asal sohor sudah di nasionalisasi bukan cuma milik warga tertentu,negative
klo gak mau negara ngutang kembali lg transportasi pkek kuda biar negara gak ngutang,negative
banyak proyek ga jelas jokowi bisa nya ngutang dana ga ada ikn ga jelas masa depan nya bikin bandara di majalengka ga ada penumpang nyawiwi bikin proyek ga pake riset dulu gimana maunya dia aja dan mentri nya yang penting rekening buncit,negative
jangan harap wong cilik bisa naik whose untuk makan aja susah,negative
korup di kcic dikejar dong pasti ada joklut kejar tuh pasti kenyang dpt duit nya perawatan juga pasti kosnya mahal kereta whoss blm menguntungkan semakin lama barang pasti rusak dapat apa cuma pamer tp rugi sepanjang masa mendingan naik bromo murah cepat juga,negative
jkw tertawa,negative
sita dulu hrta jokowi,negative
sdh dpt tekanan ini dr pemerintahan china,neutral
peninggalan mulyono bikin mumet alih alih bikin kreta cepat lebih bagus meng aktifkan jalur yang sudah mati dan membangun jalur kreta api barus di seluruh plosok negri,negative
tidak ada termul aaassssuuu,negative
jokowi sama luhut suruh bayar,negative
seharusnya kita telah maju tidak ada beban sehingga rakyat yang repot bayar pajak semua maunya pejabat dan jokowi mencari kemajuan tidak ngukur kemampuan negara kayaknya indonesia memang punya nenek moyangnya yang punya negara indonesia fir aun,negative
usut tuntas stop kerja sama china,negative
matikan tetlebih dahulu tikus kantor mafia anggaran baru ada proyek ingat kalimat prabowo korupsi di indonesia kangker stadium,negative
iya kalo pejabat nya jujur tidak korupsi masih ada jaminan aman aja lah pejabat nya para koruptor semua coba pikir kan itu juga kalo bodoh jgn di pakek,neutral
hutang harus tetap dimbayar bunga itu tinggi mbayar secepatnya secepatnya dilunasi usut yg korup yg berhubungan dengan pengerjaan whosh mbayar secepatnya apapun alasan nya mbayar mbayar mbayar,neutral
jangan sampai apbn kena imbasnya,neutral
yg pada ribut itu jg harus di periksa dong maunya gmn jgn ributtt mulu kerja kagak bisa,neutral
negara bobrok karena sarang koruptor yg dibiarkan siapapun yg mimpin kalo tdk ada tindakan bwt para korup gak bakal sejahtera jadi jangan tunjuk sana sini harusny tengok punggung sendiri sendiri,negative
iyalah cuma t dari pada bikin malu negara dan di korupsi,neutral
dasar anggota dpr mudah bener lu bilang untung rugi itu hal biasa klu loe yy tggung utang y silahkan ini masyarakat yg byar utang lewat pajak nyesek gua kalau swasta yg kelola dr awal sudah di pastikan ini untung klu bumn di era dulu smpai kini dipastikan rugi akibat bnyak mark up dana berharap kini ke depan pak presiden n pak pur istiqomah mnjga aset negara n beri hukuman berat ke koruptor,negative
semacam freeport kesalahan kepemimpinan terdahulu,negative
yg ngutang siapa yg ribut bayar hutang siapa,negative
prabowo minta utang whoosh dibereskan tidak pakai apbn,neutral
pejabat kita bisnis nya hebat hebat biar tekor asal sohor padahal ada pakar ekonomi wk wk wk wk,negative
t mah kecil sebenarnya untuk indonesia sekarang dipikir di pemerintahan kmrn korupsinya lebih t kalau ini di kejar langsung bisa lunas,neutral
yang tanggung jawab ya jokowi,negative
harus cleaning nih pemerintah buang org ga kompeten,neutral
prabowo suruh aja itu untk di bereskan oleh luhut dan jokowi mentri kita purbaya sudah di jalur benar tdk mau pake uang rakyat usut juga dugaan korupsi woosh,negative
penyelesaian mengenai pembayaran utang whoose tidak lepas dari bumn dan kerjasamanya dlm perkreta apian kai mungkin bisa dilakukan dg memperpanjang rute perjalan whoose juga memperluas perkereta apian merata sampai ke seluruh indonesia sehingga pemasukan kai bisa menyumbang bumn buat menyelesaikan pembayaran whoose yg jatuh tempo,neutral
solusi selayaknya dipikirkan sebelum dilaksanakan proyek kalau tidak ada berarti ini error proyek yg terlibat bukanlah orang orang bodoh pasti ada solusi disaat ada ketidaksanggupan bayar dikemudian hari ada error kenapa harus terjadi gak masuk akal jangan rakyat dijadikan tumbal terus karena error kebijakan rakyat sudah sangat menderita jangan malah disengsarakan tiada batas bela rakyat jangan malah dibebani artinya rakyat terus dimiskinkan,negative
lagian bkin trasenya kaga mikir okupansinya kalo mau okupansi padet ya lihatlah okupansi kantong kantong kai yang padet sampai tidak semua bisa di cover contoh jakarta jogja via purwokerto lewat trase utara terus melalui tengah dan masuk ke selatan itu padahal rute trase yang padet okupansi gw heran dri awal apa kaga ngitung di awal nya kalo sudah beroprasi di kantong padet tsb dan keuangan perusahaan sudah mulai sehat pasca beroprasinya layanan baru lang ngrmbangin tuh rute jepang aj awal membuat rute aj dri tokyo ke osaka yang mana memang trase tersebut memang kantong okupansinya padet mungkin awal merugi mereka karena sudah di planing makanya tinggal nunggu waktu surplus keuangan perusahaan mereka,negative
dibereksan mukidi dan buhut penjatian,negative
hukuman apa yg pantas untuk jokowol,negative
joko w harus bertanggung jawab,negative
klw memang ada indikasi koropsi tangkap dulu siapa yg koropsi usut dulu baru sita uang koropnya baru bisa bayar jgn lagi uang rakyat di oakai ke situ enak kali yg koropsi enak dia senang dia sama kel nya kok rakyat yg terbebani edaan,negative
gampang wok itu si wiwi suruh bayar pake asset dan kekayaan nya dia gaji dan tunjangan nya gibran di potong buat jaga jaga kalo kurang,negative
dterapkan keuntungan pajak over head sukses,neutral
tp jk ada diduga ada indikasi penyelewengan uang negara ada korupsi ya orangnya tetap hrs diproses hukum diperiksa dong ini uang negara uang rakyat bkn uang pribadi,negative
pleciden pleciden,neutral
demi ambisi yang melangit sampai sampai membuat pt kai dari jaman jonan sampai sebelom era kcic yang jarang defisit sekarang mereka sudah sakit sakitan ke uangan nya,negative
kl benar ada yang katanya ada pnyalahgunaan wewenang dan ada korupsi disana bisa pakai hasil korupsi itu buat bayar utangnya jadi lebih fair intinya pemerintah lagi di uji dalam penegakan supremasi hukumnya pake uang dari hasil penyitaan krugian negara yang berhasil di curi mereka tapi berani ga hehe,negative
arep misuh py ra misuh py delok kelakuanne mulyo sak geng,negative
jangan mau bayar meentri suruh bayar tuh si jokowi,negative
mulyono sana lbp suruh bayar jangan pakai apbn rakyat lagi pada kesusahan mending buat mensejahterakan rakyat itu yg wajib,negative
bikin susah rakyat aj anjir ini mendiang utang mul mul rakyat lagi susah jga suruh mul mul ama termul yang bayar lah,negative
whoosh klo mau di perpanjang jalurnya klo cuma sampai sby nanggung bgt seharus nya dari jkt bdg sby sampai banyuwangi baru bermanfaat,neutral
mantap p prabowo biar nggak pada gaduh,positive
kesimpulannya begini cina awalnye sebenarnya sudh tau proyek ini memang akan rugi dibalik proyek ini cina sebenarnya mengincar mata uang dolar untuk di kumpulkan lihat saja kesepkatan nya hutang harus dubayar pakai mata uang dolar jadi mega proyek di seluruh negara yang di jalankan cina adalah untuk mengumpulkan uang dolar itu pointnya karena perang dagang antara cina dan amerika proyek ini di modali oleh bank cina yang memakai mata uang cina untuk pembayaran hutang nya indonesia harus memakai uang dolar,negative
tolong kpk usut tuntas proyek kereta cepat ini negara sangat di rugikan trilyun adanya proyek kereta cepat ini,negative
ibarat pengen memberantas pinjol dan judol tp aplikasi yg ilegal msh berseliweran ini pengen byr hutang tp yg bikin utang msh aman seliweranmenyala abangku,negative
dpr ga guna maunya gaji naik udah di nepalkan masih aja nyari celah supaya ttp naik,negative
akibat maruk pengen dipuja puji rakyat disuruh tanggung jawab sampai ke anak cucu cicit cecet yg untung siapa,negative
alhamdulillah pak presiden prabowo dan bawahannya semoga selaras demi kebaikan bangsa,positive
pemerintahan yg dulu menurut saya terlalu gengsi an dengan negara asian lainnya ingin terlihat wah terlihat modern biar tekor asal tersohor,negative
kpk mana ini apa takut sama pejabat tinggi,negative
kurupsi ini ada masuk akal segera periksa siapa yg terlihat,negative
den kan bagian dari lembaga yang di ketuai luhut bp yng bagian dari persekongkolan mark up kereta cepat,negative
orang lain makan nangkanya yang baru menjabat ke getahnya,neutral
saya rakyat sebaik nya pertanian yang harus di segara kan dimajukan di seluruh indonesia di moderen kan,neutral
mengapa pemerintahan yg lama banyak membebani pemerintahan yang baru,negative
wiwi suruh bayar utang,negative
jokowi yg ganti rugi,negative
salam sehat pak jonan pak agus dll yg menolak dan lalu di pecat gara menolak kreta cepat whos whos saya sungguh apresiaasi setinggi tingginya waktu itu kreta lokal jarak jauh sengkarut carut marut adanya belio mentri pak jonan jadi disiplin tertata rapi dan nyaman aman,positive
ijazah jokowi gmn pak gak di lirik pisan kasus nya,negative
bayar utang yang korup si kami rakyat menjerit dalam dalam ke sulitkan hidup,negative
dibayarlah utangnya tapi ya diusut koropsinya itu baru adil yo toh pak mul,negative
pt kai kereta api indonesia woww berarti nanti hutang rakyatnya indonesia dong rawan niih apbn indonesia,negative
terima kasih pak prabowo kami whoos dari jakarta ke surabaya,positive
sebenarnya presiden yang masa lalu yang tak punya membangun negri ini tanpa per,neutral
perpanjangan masa pinjaman yg hutang siapa yg nanggung bayar siapa,negative
pasti ditelpon jokowi makanya langsung ngomong,neutral
aduhhh ngapain tuh kereta utangan alasan ngomong teknologi modern j jaman habibie aje udah bisa bikin teknologi modern di atasnya punya iptn pt di bikin pesawat,negative
kalau prabowo yg nangung rakyat yg rugi ekonomi akan susah duit lgi rakyat yg koruptor kereta whoss yg enak,negative
kenapa meminta dan bukannya memerintahkan,neutral
jokowi luhut dan ternaknya yg bertanggung jawab jgn semua di bebankan ke rakyat rakyat udah susah cari ekonomi untuk menyambung hidup,negative
di bereskan jgn pake uang rakyat bisa tidak pake uangnya jkw pki sendiri yg hasil korupsi kpk tkt sama jkw makanya jkw g pernah d periksa duitnya dari mana itu tukang mebel asalnya kok bisa bng rmh ratusan milyar beli pulau duit d truh d goronggorong inilah kl milih presiden tapi pki tulen top indonesia,negative
lanjut terus kesurabaya sepertinya indonesia itu hanya di jawa sementara diluar jawa dilupakan apakah ini adil,negative
monggo dipersilahkan relawan jokowi beresi hutang kereta woosh,negative
gak mungkin terungkap oleh kpk kasus woosh ini percaya deh nepotisme jokowi meloloskan gibran menjadi wakil presiden di depan mata jt lebih penduduk indonesia aja gak di apa apain,negative
hutang whosss rakyat jangan mau bayar biar jokowi sri mulyani luhut airlangga zulkifli hasan di suruh bayar orang ini kelompok nya rakus jabatan yg merusak anggaran rakyat dibuat bancaan,negative
merugikan negara dihukum seharusnya,negative
omon omon tkut mukidi,negative
kereta cepat jakarta bandung ibarat pergi ke warung dekat rumah naik mobil ferari supaya bisa pamer dan mobil ferari tersebut hasil hutang,negative
bayar pakai apbn sebodoh amat rakyat teriak lama kan hilang sendiri,negative
masyarakat bukan masalah khawatir tapi masyarakat menyayangkan duit segitu banyak ya tidak bermanfaat yang signifikan dan di duga ada tindakan korupsi,negative
mantappp,positive
jokowi yg pesta prabowo yg cuci piring miris seorang mantan tentara malah jadi budak,negative
utang coook,negative
katanya indonesia kaya kok utang masa kecil waktu sd kita di bohongi yg kata nya negara kita kaya,negative
yang ngutang siapa sih kok enak bener,negative
jokowi harus bertanggung jawab dia kan punya rb triliyun cetek hutang segitu mah,negative
jokowi luhur yg tanggung jawab dan sejoli nya,negative
ini narsum dpr nya kek nya gak memahami beberapa pertanyaan dari reporter nya,neutral
udah dihutangin negara untuk fasilitas rakyat kok bingung sendiri rakyatnya keuntungan jangka panjang keuntungannya bukan hanya di tiket saja dari tranfer teknologi dari kecepatan perpindahan manusia bisnis jadi lancar semua sudah dihitung kalau rugi pasti tidak dibangun,positive
kpd bpk presiden yth hutang kereta cepat di bereskan panggil proses pejabat negara yg terlibat rampas aset nya buat byr hutang negara hukum mati langsung kirim ke liang kubur biar bersih dari koroptor ri ini,negative
jokowi nyusahin purbaya aja luuu bangkeee,negative
utang se uprit negara indonesia kaya raya masa gak bisa bayar utang se uprit sekali nyita uang koruptor aja oo triliun,negative
hidup jokowi hidup jokowi tenang pak jokowi biarkan rakyat yg menangung hutang negara bukan keluarga anda,negative
sungguh luar biasa ya pemerintahan dulu itu dan kini dilanjutkan oleh pak prabowo he he mampu ngga mengatasinya mudah mudahan teratasi dengan baik,positive
bangga bangga dengan hutang,negative
itu pryk sosial versi jk wi atau utk pencitraan dan terus d lihat taxe overnya dr jepang k china mungkin tdk wajar,negative
semua ini di sebabkan jokowi jokowi perusak nkri,negative
hidup korupsi,negative
boleh di bereskan tapi jokowi dan luhut di adili,negative
bagaimanapun jokowi dan luhut dan komite kcic diperiksa dan hrs diminta pertanggungan jawaban atas whoosh,negative
kalo joko masi presiden dah pasti pake uang rakyat,negative
juara nomor dunia ijasah palsu buat negara hancur,negative
dunia wae tahu siapa sikowi itu juara nomor dunia,negative
sikowi seng punya utang,negative
emang negara abal konoha udah ga asing lagi setiap ada proyek besar utk digagalkan utk dikorupsi biar uang yg dikorupsi lumayan jumbo klu setiap tahun menggerogoti keuangan negara ngapain diterusin klu gila yg melakukan kenapa hrs diikutin,negative
jadi tukang ceboknya aja lgi,negative
komennya pada jahat,neutral
beli banyak perdebatan buat sendiri belun mampu,negative
pak joko bayar jngan asal ngutang doang lepas tangan selesai jadi presiden rakyat kecil gk menikmati kereta y di suruh bayar pake dana apbn kocak emng,negative
saran jangan mau pembayaran hutang whoosh dibebankan kepada apbn kebutuhan dasar masyarakat indonesia sangat mendesak wajib dipenuhi sehingga kereta cepat sangat amat belum dibutuhan masyarakat indonesia,negative
mau tidak mau pa prabo harus bertanggungjawab dengan hutang dari proyek yang konyol itu berani ya mau bagaimana lagi walau pak prabowo teriak teriak teriak hidup jokowi hidup jokowi he he kita lihat sazah,negative
alhamdulillah dengan keberanian pak jokowi indonesia bisa memiliki kereta cepat coba kalo pemimpin kita dulu terlalu banyak perhitungan gak akan ada kereta cepat jalan tol mrt lrt dll kalo pemimpin tdk mau ambil resiko tdk usah bangun apa saja cukup jalan kaki dan naik sepeda biar untung,positive
danantara juga negara nanti apbn juga di pakai jokowi kaya korupsi negara bankrupt,negative
dpr itu dayus mama komisi untuk siasat wooosh,negative
owi sama uhut suruh mbayar uangnya banyak mereka yg ngerampok wosh rakyat yg suruh bayar,negative
inilah pelajaran buat kita rakyat indonesia memilih presiden jangan di lihat kesederhanaan blusukan tapi juga latar belakang pendidikan keluarga karakter jika seorang presiden punya ambisi pribadi dan pencitraan bisa menghancurkan kehidupan berbangsa dan bernegara jangan sekali kali memilih presiden ri tanpa pertimbangan yang matang salah pilih bisa menderita bertahun tahun,negative
jokow jokowi mantan persiden yang paling memalukan sedunia punya pikiran biar tekor asal kesohor,negative
kalau dilunasi pakai apbn rakyat akan bertindak,negative
ambisius parah pengusaha kolomrat pemerintah harus nya pikirkan nasib rakyat miskin di bawah kereta woos bagi orang kaya dan pejabat enak tapi mohon pemerintah harus bijak bagi kami rakyat miskin sulit ekonomi nya siang mlm mikirkan buat cari makan saja susah kl di kampung jadi buruh kuli babat rumput macul sehari pull dari pagi sampai jam soreh hanya,negative
siasat jokowi,negative
bereskan dulu urusan si pembuat kebijakan pemindahan whoos dari jepang ke china,negative
rakyat gak mau nanggung,negative
betapa beratnya beban presiden kita sekarang dia harus bekerja keras membereskan semua kekacauan ini padahal bukan dia yang membuat semua masalah ini dia kebagian mencuci semua kotoran ini,negative
mau sampe kapan sih negara ini jadi negara bodoh sudah bagus itu tanggung jawab danantara dan bukan tanggung jawab pemerintah kenapa pada gagal paham,negative
anggota dewan ini bilang rakyat indonesia indonesia bagian jawa tolong kasih tahu sama anggota dewan ini indonesia bukan pulau jawa lihat jln jln d indonesia timur dan lain lain jangan manjilat mati matian,negative
cara sederhana nya solusinya pastinya dana talangan hmmmm,neutral
biar diangsur jokowi duwetnya jokowi banyak jangan pernah sengsarakan rakyat,negative
nyali yg terpenting pemimpin kita ini,positive
klw menurut sy panggil konsursium jepang utk nutupin semua utang ke cina lunas jd kita nyicil ke jepang dgn bunga yg rendah mmg utk jangka pendek kliatan rugi tp jngka panjang sangat untung,neutral
suruh jokowi dan termulnya yg bayar,negative
wi wok de tok not onle tok de tok,neutral
bengis era jokowi ada yang nawarin jepang murah cari yang mahal menjerit rakyat melalui pajak di tekan,negative
tenang dibalik kata pak prabowo lunasin hutang wosh bakal ada kejutan nya,neutral
busyeeertttt,neutral
ini nih gara memilih pemimpin ri dari pemprov daerah harusnya jadi mentri dulu kek baru jadi ri,negative
inilah akibat nya ijazah palsu tadi,negative
kesalahan kebijakan pemimpin yang tidak boleh dilupakan dan harus dibukukan untuk menjadi sejarah dan pelajaran untuk tidak diulang kembali,negative
jangan pakai apbn bayar hutang rakyat akan marah akan marak demo lagi,negative
bkn jokowi yg salah tp pejabatnya yg jd maling perampok begal uang proyek,negative
lajut terusss whooooss terlanjur basah mandi sekalian,neutral
klu pejabat ga pada berani ngabil keputusan tranportasi untuk rayak alangkah sayang nya dari dulu ga ada yg berani contoh nya monorel mrt lrt pada ga berani gara gara pengamat bilang hitungan nya selalu rugi klu di bangun ga bakalan maju contoh dulu belanda bangun kereta dari sumatra jawa udah di bangun indonesia cuma suruh merawat aja pejabat ga ada yg berani atu bisa,negative
yaa allah negara indonesia ini terkenal kaya raya gemah ripah loh jinawi atas karuniamu tapi hutang berbunga bnyak sekali jadi kacau heboh n ribut masalah bayar hutang rakyat sudah susah tapi disuguhi dg berita informasi seperti ini ikut bingung n resah,negative
tenang rakyat besok di hari penghakiman yg sesungguhnya yg mulut di kunci kita semua menjadi saksi di azabnya owi dan koroni nya,negative
ambil uang nenek moyangnya enggkau nando untuk membangun kereta cepat whooosh itu dari jakarta surabaya,negative
proyek kereta whoosh sampai mantan menteri perhubungan menhub ignatius jonan gara diduga mengkritik soal proyek kereta whoosh yang pasti luhut binsar panjaitan jelas tau skandal proyek kereta whoosh maka pihak kpk panggil donk luhut binsar tuk dipriksa,negative
kami masyarakat indonesia bagian timur tdk bangga dgn kereta cepat yg bermasalah kecuali masyarakat yg berdomisili dijawa,negative
parlemen di kuasai sama jokowi polisi dan kpk mau ngomong apa kita contoh bupati pati sudewo itu sdh mestinya jadi tersangka kpk bupati punya jokowi itulah masyarakat sedang tersandera sama jokowi prabowo tidak kuasa melawan jokowi karena hutang budi harus kembali one piece comeback,negative
prediksi guru gembul terbukti,neutral
opung kn bilang dah tau barang busuk kenapa d teruskn proyek nya itu yg d pertanyakan ada apa d balik itu semua perlu d selidiki,negative
kenapa masalah whoosh dari hari ke hari jawabannya akan di bahas terus masalah whoosh ini muncunl sejak tanggal oktober sesibuk apa sih dpr pemerintah danantara kalo bisa share dong agenda pembahasan apa saja setiap hari nya apakah whoosh ini bisa menjadi pembahasan prioritas,neutral
aku sebagai warga indonesia lebih rela dan iklas uang negara buat bayar utang kereta cepat modern daripada uang negara di korupsi pejabat,positive
kayak gini ternak e jokowerr itu mikir masih aja di sanjung dari awal aku gk sejutu kerjasama dgn cina apalagi utang jokowi harus tanggung jawab dong,negative
sebenarnya bukan masalah besar hanya dibesar besarkan atau kemampuannya yg dibawah standar,neutral
kalau saja jokowi masih jadi pemimpin kcic bukan masalah besar ibarat soal ujian ada yg mampu menjawab ada yg tdk bisa menjawab,neutral
jokowi berbohong menutupi kebohongan ingat alloh tidak tidur,negative
meskipun saya pendukung pak prabowo jika pa presiden prabowo masih di bayangi pemikiran jokowi maka percuma saja menjadi presiden,negative
akui aja secara kesatria bahwa proyek ini tidak tepat dari awal bahwa ambisi besar tanpa perhitungan tepat hanya menimbulkan kan petaka dimasa depan kalau ada kasus hukum silahkan diproses orang orang yang terlibat mulai memikirkan solusi untuk membayar tagihan hutang yang tidak mungkin bisa dihindari,negative
utang harus di bayar tetapi mark up tetap di proses mark up proyek merupakan kejahatan luar nalar sengsarakan bangsa nkri jokowi kau jangan mati dulu harus bayar dosa dosa di dunia akhirat,negative
ini harus cepat di selesaikan malu sama negara lain inikan membatu rakyat,neutral
jangan jangan bayar utangnya tiap tahu ada yang masuk rekening jokowi dan kroninya,negative
jokowi yang harus bayar utang rakyat jelata ga butuh kereta cepat,negative
lunas dengan syarat alih teknologi kereta cepat dan alih teknologi j plus j biji,neutral
pasti investor china dah kapok sama indonesia,negative
dievaluasi semua aspek bika ada mark up dan korupsi adili koruptornya sita hasil korupsinya untuk bayar hutang,negative
alternatif sahkan dulu uu perampasan aset koruptor sita harta untuk melunasi hutang,negative
jkw bilang tidak cari untung negara tp pakai pendapatan negara memberi peluang koruptor memperkaya diri jkw pandai pinterin rakyat ya rakyat yg bodoh harus pinter ya,negative
prabowo pusing abis ditagih utang korsel terus utang whoosh juga masih belum selesai ini semua kebijakan di era owie,negative
indonesia,neutral
prabowo,neutral
jokowi ngeyel lu sih,negative
kasian si gendut nerima banyak warisan utang dari mulyono,negative
intinya kita belum saatnya punya woosh ekonomi masih morat marit program yg konyol hanya ambisi pencitraan tdk pas dg konsep b to b,negative
asiiiik bebas lagi si mantan,neutral
udah ga bisa ngomong sama kelakuan si jokowi rezim penghancur negara dan pemerintahan,negative
memang repot klo punya pemimpin g berkualitas bisanya numpuk hutang numpuk proyek g jelas manfaatnya ujung nya menyengsarakan rakyat,negative
jokowi samaluhut harus di prisaksa kpk kalau terbukti kurupsi harus di penjarahkan,negative
lanjut sih lanjut proyeknya tp harus di proses audit keuangan krn menimbulkan polemik jgn terus tp sdh berbelit koruptor pesta diatas penderitaan rakyat jd otak org pintar jgn bilang lanjut hanya ntuk bodohi rakyat buat koruptor cs happy diperiksa wajib pak bowo sm pak baya biar nyahok koruptor walau itu mantan presiden,negative
pak dewan gak mengajarkan rakyat untuk konsumtif brutal kan ya apa yg bisa dibanggakan memiliki whoosh tapi terlilit hutang dibanding tidak memiliki whoosh tapi tak berhutang dan rakyat makmur,negative
saatnya perlawanan rakyat digaungkan demi membersihkan skandal korupsi negara demi mencapai tujuan bernegara bukan cuma mimpi bernegara,negative
jkarta bndung yg tnggung slruh rkyat konoha mmg koplak konoha abis brmain cuci tngan periksa donk klau ada skandal korup pecat hukum se berat berat nya jngn budaya kan tidak enak oak presiden,negative
skandal demi skandal korupsi negara ini selalu aja rakyat yg menanggung akan ka rakyat berontak,negative
semoga pak purbaya menjadi orang yg ikhlas dalam mengemban amanah dari allah melalui pemerintahan bapak prabowo untuk seluruh rakyat indonesia hanya kedua orang tersebut untuk saat ini yg bisa dipercaya marilah kita semua masyarakat indonesia dibelakang pemerintahan pak prabowo dan pak purbaya insyaallah,positive
jokowi gila proyek,negative
fernando gimana caranya harus cari solusi citizens sampe harus jual pulau enak si jokodok dong bikin sial indonesia,negative
msh bnyk koruptor yg msh ddk d pmrnthan prabowo tdk serius memberantas korupsi cuma omon msh percy kah rakyat pd si prabowo psti msh ingin korupsi berjamaah prabowo omong kosong,negative
kcic mulai mencicil tahun ini belum mencicil lho sudah sibuk kesulitan keuangan terus minta restruktur reatruktur model apa yg dilakukan sebelum mencicil ini masih masa grace periode lho terus yg menyetujui pembangunan sampai surabaya juga mmg menyepelekan daerah kenapa tdk dibuat tol dari utara ke selatan sulawesi dan kalimantan,negative
jkw luhut diundang donk tv one minimal via zoom lah,neutral
pak menteri purbaya erlangga rosan bayar lunasi hutang whoossh stop lah kemaruk ngutang malu mendengarnya,negative
whoosh itu jakarta bandung doang kami di sumatera gak rela apbn hanya untuk bayar utang whoosh,negative
tiap hari isinya cuma sibuk ngebahas utang bikin pusing utang tinggal di bayar lunas apa susahnya sih indonesia kaya raya punya tambang emas nikel batubara minyak dll,negative
segera tuntaskan masalah korupsi orang yg tersangkut masalah korupsi tsb jangan di tunda tidak tahu malu juga dengan masalah riiibaaa kelihatannya sering memberi uang kpd masyarakat yg tidak tahu uang tsb darimana asalnya padahal uang tsb bukan dari uang pribadinya masyaallah,negative
setelah menjabat presiden jangan ninggalin utang ya pak,negative
bikin susah senegara kerakusan dan haus jabatan bikin linglung rampas smua aset mulyono dan luhut utk bereskan urang atas kebijakannya knp meski direpotkan dan dr pd rugi tiap thnnya mendingan ditutup aja,negative
gw pribadi gak pernah setuju klo kcic sekarang harus diperpanjang dari jakarta surabaya krn udah telat momentumnya saat ini,negative
jokowi diperiksa dulu kembalikan uang hsl setor setorannya buat nyaur utang,negative
sebenarnya mudah ngelunasin utang whoosh itu danantara itu assetnya total t usd rp ribu trilyun klo tiap tahun rata bisa laba rp t thn katakan utk bayar deviden sisanya xt t thn utang whoose t jadi klopun danantara mau ngelunasin utang whoosh tahun depan sangat mudah,positive
berbagai macam masalah sdh yg tersangkut dengan pa jokowi tak ada yg bisa membuktikan atau semuanya takut sama pa jokowi,neutral
yg harus tangung jawab itu mulyono dan luhut pak prabowo jgn takut sama tekanan mereka berdua rakyat akan memilih pak prabowo lg jika benar dan peduli terhadap rakyat jgn mengandalkan mereka berdua rakyat memberikan kesempatan buat pak prabowo menjadi presiden untuk melihat gimana memimpin indonesia merwka berdua hanya benalu bagi pemerintahan pak prabowo,negative
proses hukum,neutral
krn proyek ambisius pribadi tanpa memikirkan dampak dibelakangnya rakyat dan pemimpin selanjutnya mjd korban yg hrs menanggungnya kl dlm keluarga besar pasak drpd tiang,negative
jokowi udah ga jd presiden ajh nyusahin bahkan sampe dia mati masih nyusahin rakyat,negative
pesta orang lain yang nanggung bersih bersih yang baru datang termul termul mikir lah,negative
woeee kenapa respon kalian dpr bertele dan biasa aja udah pada kenyang ya kalian dpr,negative
master ekonomi mau di kibulin sama boneka partai ya kagak bisa maju terus pak menkeu kami yakin pilihanmu adalah yang terbaik jangan mau di kibulin sama pejabat yang suka enaknya saja tapi tidak mau menanggung beban yang mereka buat sendiri,positive
rakyar banyak tak rela bayar whoosh pakai duit pajak rakyat tanggung sendiri,negative
kuncinya adalah danantara sebagai induk dari bumn harus bisa melunasi hutang bumn,neutral
kalau konsorsiumnya menggunakan semua bank nasional baik milik pemerintah maupun milik swasta kan bisa jelas di audit,neutral
keberanian yang bodoh,negative
jelas mark up yg nyata oleh jokowi n co pasti duitnya disimpen diluar negri ya jokowi aja yg suruh bayar n konco bancaannya,negative
tahu gak para elite politik dan dpr sport jantung dengan gebrakan purbaya yg kerja apa adanya dan mengungkap kebenaran,positive
kereta kebanggaan jakarta bandung dr awal udah kowar seneng banget bangga pamer sampe tiap buka youtube isinya wuuusss eh bangga sama utang,negative
biarkan whoosh diambil debt collector,negative
ini kan salah satu kebangkitan keberanian yg positif negara segala sesuatu kan harus keberanian yg positif bukan nekat atau serampangan ingat kebangkitan bangsa untuk kepentinga masarakat yang dampak positifnya menjadi simbolsimbol negara di masa mendatang kalau mau maju ya harus berani orang yg mau sukses nggk ada tujuan yg berani yg positif nggk akan berhasil indonesia justru harus belajar terus dari sini keberanianya karena indonesia belum terbiasa kalau sudah terbiasa akan mudah melakukanya dengan hitunghitunganya kalau pasif hasilnya akan pasif toh proyekproyek ini masih di dalam negri kecuali mengerjakan proyek di luar negri dapat tender luar toh kalau sudah terbiasa mengerjakan proyek sperti ini kl sudah terbiasa akan mudah karena sudah memiliki ilmu dari sini sukur sukur bumn bisa expansi ke luar negri atau mengerjakan proyek luar negri bisa menambah pendapatan indonesia contoh kecil kalau mau beli motor atau kredit kala nggk ada niat nggk ada fill nggk ada keberanian ya nggk akan berhasil walupun punya uang toh ahirnya lunas juga kalau yang ggk lunas berarti mensetnya salah menset awal idologinya ada yg salah jadi ggk berhasil biasakanlah supaya terbiasa dan luar biasa ibaratnya masak telor sama telor waktunya sama tapi lebih banyak biyayanya kalau masak telor cuma selisihnya bisa ingat ingat ingat,positive
utang memang harus dibayar tapi wajib diusut juga,negative
kcic segera ipo berikan konsorsium china dari jadi hutang piutang jadi urusan bisnjs asset ttp milik pemerintah thn kemudian juga sudah pada mati,neutral
jakarta bandung saja sudah megap megap untuk bayar hutangnya,negative
pokoknya masalah ini harus di selesaikan jangan sampai mengancam kedaulatan negara kita,negative
suruh pejabat mulyono mulyani proyek yg make orang berduit,negative
sebagai rakyat saya sangat mendukung whoosh sampai ke surabaya,positive
buat setelan aja nih mentri baru,negative
ini info setelan buat kasus jokowi dan gibran off,negative
usut tuntas whoosh mulai awal sdh bermasalah,negative
itu kan business kalau merugi kenapa negara yg bayar kimak,negative
kekacuan negara ini akibat mantan presiden dulu yg sangat korup adili semua yg terlibat korupsi di whoosh,negative
pak maksud tgg jwb indononesia ya tlg pak pakai data jelasin nya brapa rp nya itu jelaskan,neutral
gak usah bangga indonesia pnya kcic karena biayanya hasil utang materialnya sebagian dari china dan bukan karya bangsa sendiri,negative
maksudnya rakyat yang bayar padahal keuntungannya dan lahan korupsi si mulyono dan si lutung,negative
jokowi dan luhut kejar itu pak prabowo,negative
indonesia tidak maju dan tidak sejahtera karena pemimpinnya tidak menerapkan ekonomi uud pasal,negative
jokowi oan punya bungker geledah dan lbp juga audit prshaanya suruh tanggung jwab mereka mereka yg untung rakyat yg buntung malah suruh tqnggung jwab,negative
hei pengamat jangan mikir jawa timur tengah saja lo kalimantan sulawesi dan sumarera juga mau,negative
mirip uya kuya,neutral
pusing negara ujungnya pemerintah sekarang,negative
ha ha tanggung penderitaan yg kita dapat dari proyek kreta cepat jakarta bandung jadi harus diteruskan sampai ke surabaya biar sekalian kita rasakan berkali lipat sakitnya kira kira siapa yg berani ucapkan bertanggung jawab rakyat akan menunggu,negative
hutang dibayar pakai uang korupsi yg katanya ribuan triliun,neutral
s s,neutral
coba cek pencucian uang jokowi ke anaknya dan koleganya soalnya busanya ke mana wanginya busuk sekali apa lagi ke asetnya itu coba cek bank luar negerinya pastikan kami tercerahkan seperti juta pekerjaan dan sampai saat ini kok bisa ya negara kalah sama keluarga ini emang hukum pandang bulu kah,negative
atas nama rakyat tlng bpk agar jng di bebankan rakyat mksh,negative
anjir nih anggota dewan hal biasa bangga tapi tekor,negative
dpr juga biang masalah cobapeeiksa dpr ri saat itu,negative
sita harta kekayaan jokowi pasti banyak yang dikorup sita uangnya buat bayar hutang,negative
disini kita bisa simpulkan kpk tidak bisa usut korupsi kelas kakap kpk hanya bisa usut korupsi kelas teri,negative
perbaiki daya beli masyarakat bahan barang gak seimbang ama uang rupiah minim daya belinya,negative
ibarat pak rt yg punya utang eh warganya yg suruh mbayari,negative
mukidi dan opung kan terima fee ratusan trilyun dari cina hasil tahun obral proyek ke tiongkok rampas sita aset mrk bisa dipakai bayar whoosh makanya itu pentingnya mengusut kasus whoosh dan nenyeret seluruh pihak yang terlibat terutama mulyono,negative
bangun sj rel lintas sumatra jawa gak butuh,negative
sudah ada perjanjian kenapa harus manngkir proyeknya sudah selesai harusnya bayar sudah cicilannya kalau proyeknya mangkrak baru lah kpk harus usut,neutral
woosh transportasi massal utk konglomerat investasi sosial atau fasilitas org kaya,negative
jangan bayar aja enak aja tindaktegas juga oknum yang terlibat mark up proyek ini,negative
jgn smpai china minta natuna utara,negative
seberapa pun utang negara pasti di cari jln solusi jgan saling menyalahkan gituloh mantap pa president,positive
sita harya yang telah meraup uang wos tidak usah pakai repot itu kalau mau,negative
ayo sadar para termul waktunya termul patungan,negative
suruh mulyono dan para ternaknya aja,negative
jangan coba coba kepala negara bapak presiden sewenang wenang mengambil kebijakan menggunakan abn untuk menyelamatkan proyek yang sama sekali tidak punya andil terhadap kepentingan nasional bapak presiden baiknya menekan pihak yang sebelumnya berambisi terhadap proyek kereta cepat ini untuk bertanggungjawab jangan sedikit sedikit jika salah kebijakan maka publik dikorbankan di daerah masih butuh perhatian anggaran yang memadai untuk pembangunan ekonomi dan kesejahteraan kami meminta praktik semacam ini dihentikan sehingga jadi pembelajaran bagi pejabat yang digaji dan difasilitasi uang rakyat agar dalam pengambilan kebijakan itu perlu berhati hati,negative
kami rakyat indonesia kami tidak bangga adanya kereta cepat karena bukan hasil karya anak bangsa dan begitu dahsyat utang kreta cepat ini kami rakyat yang jadi korban akibat seorang presiden jokowi yang selama tahun rakyat menginginkan adili jokowi yang sudah merusak nkri korupsi di mana mana dari kuota haji sampai oertamina dll,negative
hancur negara berapa banyak uang terbuang yg bisa dimanfaatkan untuk membangun negara,negative
benar benar memalukan jokowidan kroninya memaksakan kehendak koruptor,negative
utang whoos fi bayar tapi tidak menggunakan uang rakyat tidak penting buat rakyat salm pa purbaya,negative
kalau yg namanya bisnis gak ada yg rela rugi sejak awalnya emang bakal rugi tapi dipaksakan bangsa ini senang terlihat mewah tapi ladang hutang biar tekor asal kesohor,negative
whoosh kan bisnis jangan sampai dibayar dg uang pajak dari rakyat,negative
polemiknya ujungnya dari jkw cs,negative
inilah kejahatan danantara saat untung diam bunting minta rakyat yg bayar,negative
si jokowi sama si opung menang banyak gimana nih prabowo rakyat nanggung hutang nya,negative
sy yakin uang jkw dan opung luhut ga rela uangnya buat bayar utangnya demi rakyat dan negara bicara asal jeblak tdk bicara untung krn yg bayar rakyat bukan uang pribadi kamu,negative
kpk harus periksa kereta cepat jelas harganya sudah luar biasa harga dibanding dg kereta cepat luar negeri dan dpr ri juga jangan utang negara sudah besar jangan rakyat sudah benar susah hidup nya kita th merdeka sadarlah org org kaya mahasiswa rakyat sudah cerdas kami siap turun demo besar besaran ke dpr ri,negative
kok yg harus cari solusi ya jkw dan opung luhut bukan purbaya cs,negative
keberanian itu tidak percuma harus dibayar di asean indonesia telah membuktikan bahawa mereka berjaya walaupun whootang,positive
purbaya cari panggung koar koar diluar shrsny bicarakan dulu dg presiden,neutral
bangsa ini rakyatnya bukan jakarta dan jawa saja banyak yang lain yang tidak pernah menikmati pembangunan dan bahkan sampai saat ini masih miskin,negative
gara gara jokodok jadi ruwet ruwet,negative
jokowi dan klrga perusak bangsa jngn smpi gibran dapat posisi atau pegang peran penting di negeri ini menyesalah pendukung jokowi pdip juga hrs tggung jawab secara moral yg telah mengusung periode,negative
jangan bebani rakyat rakyat sangat menderita di bohongi terus,negative
prabowo jangan seenaknya pake uang rakyat utk bayar whoosh itu proyek b to b biarkan yg tdk sekolah dan ngambil keputusan serampangan ditangkap dan diadili kalau bisa kenapa tidak nanti whoosh ditinggal rakyat tdk ada yg naik,negative
puluhan tahun bumn dan bumd rugi terus menghabiskan apbn dikorupsi dibiarkan saja ini belum ada tahun diributkan lunasi saja whoosh pakai apbn lalu danantara bayar utang tanpa bunga ke pemerintah,negative
berapapun utangnya rakyat siap bayar kok,positive
suruh si jokowi dan projo beserta relawan nya yg bayar tuh hutang kereta cepat,negative
mulyono uda bebas uda dapet untung banyak modal blusukan dan ijazah pulsa,negative
nah kan apa gw bilang utang negara ya tetap utang negara investor china tau negara indo bukan si termul atau mulyono mau danantara kek apbn kek yg penting bayar utang woi,negative
harus ada investor baru dan bank baru yang betul betul menghitung layak tidaknya whoosh dilanjutkan ke surabaya netizen indonesia yang tergabung dengan kelompok sakit hati yg mengharapkan jabaan komisaris menteri wamen bisa ditanya maklum kelompok ini biasanya sok pintar dan mulutnya akan diam kalau daat jawaban,negative
indonesia di rampok,negative
purbaya bui jokowi,negative
jokowi luhut yg menikmati hasilnya tapi lagi rakyat yg suruh bayar hutangnya,negative
proyek kereta cepat jakarta bandung whoosh sebaiknya tidak diperpanjang hingga surabaya karena kekhawatiran akan beban utang dan ketimpangan pembangunan merupakan pandangan yang valid dan mencerminkan kekhawatiran publik yang lebih luas mengenai prioritas pembangunan infrastruktur di indonesia pandangan ini menekankan prinsip bahwa negara kesatuan republik indonesia nkri bukan hanya pulau jawa dan pembangunan harus merata ke seluruh wilayah pemerintah saat ini sedang melakukan studi kelayakan feasibility study untuk rute baru dari bandung ke surabaya yang juga menyertakan rute dari jakarta ke bandung studi ini akan mengevaluasi kelayakan ekonomi dan dampak sosial dari perpanjangan tersebut pemerintah sedang mempertimbangkan opsi pendanaan yang berbeda untuk proyek ini termasuk potensi partisipasi swasta untuk mengurangi beban utang negara dan mencari alternatif yang paling layak secara finansial perdebatan seputar proyek ini mencakup beban utang kekhawatiran mengenai peningkatan beban utang negara jika perpanjangan ini menggunakan skema pendanaan yang sama dengan proyek whoosh tahap pertama pemerataan pembangunan pentingnya mengalokasikan anggaran untuk pembangunan di luar pulau jawa untuk mengurangi ketimpangan dan memastikan pertumbuhan yang inklusif di seluruh kepulauan sesuai dengan semangat nkri prioritas infrastruktur pertanyaan mengenai apakah pembangunan kereta cepat adalah prioritas utama dibandingkan dengan kebutuhan infrastruktur dasar lainnya di daerah terpencil keputusan akhir mengenai perpanjangan proyek kereta cepat akan bergantung pada hasil studi kelayakan dan diskusi mendalam antara pemerintah parlemen dan para pemangku kepentingan untuk menyeimbangkan manfaat ekonomi dengan keadilan sosial dan keberlanjutan fiskal,neutral
kekhawatiran yang banyak disuarakan oleh para ekonom dan analis kebijakan publik di indonesia argumen yang menolak perpanjangan proyek kereta cepat whoosh sampai ke surabaya berakar pada dua isu utama beban utang dan ketimpangan pembangunan beban utang tambahan pembengkakan biaya proyek eksisting proyek whoosh jakarta bandung telah mengalami pembengkakan biaya yang signifikan dari perkiraan awal dan negosiasi utang dengan tiongkok masih berlangsung untuk mencari skema terbaik termasuk opsi perpanjangan tenor pinjaman hingga tahun pengalaman ini menimbulkan kekhawatiran bahwa perpanjangan rute akan kembali menambah beban finansial yang besar risiko fiskal para ahli memperingatkan bahwa memaksa perpanjangan rute tanpa kajian yang matang berisiko menambah beban anggaran negara apbn atau bumn terkait yang pada akhirnya dapat membebani keuangan negara secara keseluruhan ada kekhawatiran utang yang ada saat ini saja sudah berisiko gagal bayar karena pendapatan tiket dinilai tidak cukup untuk menutup biaya operasional dan bunga pinjaman kajian ulang diperlukan anggota dpr dan ekonom meminta agar rencana perpanjangan ini dikaji ulang secara mendalam untuk menghindari potensi utang jumbo baru ketimpangan pembangunan fokus di pulau jawa kritikus berpendapat bahwa proyek proyek infrastruktur besar yang terpusat di pulau jawa seperti kereta cepat dapat memperdalam ketimpangan pembangunan antardaerah di indonesia hal ini dianggap sebagai membangun pulau jawa bukan membangun indonesia secara keseluruhan pengalihan sumber daya ada kekhawatiran bahwa fokus dan alokasi sumber daya yang besar untuk proyek di jawa dapat mengurangi perhatian dan anggaran untuk pembangunan infrastruktur penting di wilayah lain di luar jawa yang mungkin lebih membutuhkan seperti di wilayah timur indonesia prioritas kebutuhan rakyat beberapa pandangan menyatakan bahwa proyek dengan biaya fantastis seperti ini yang mungkin hanya melayani segmen tertentu perlu dipertimbangkan kembali orientasinya pada kebutuhan rakyat secara lebih luas termasuk penyediaan layanan dasar dan infrastruktur di daerah terpencil singkatnya kekhawatiran utama adalah bahwa perpanjangan whoosh ke surabaya akan mengulangi dan memperburuk masalah keuangan yang ada serta mengabaikan prinsip pemerataan pembangunan nasional,negative
yang harus membereskan utang whoosh jokowi dan luhut jangan bawa bawa rakyat indonesia,negative
t untuk negara sebesar indonesia kok ngoyo tebang pohon jati di alas roban cukup itu,negative
lum lagi ikn wi wi plonga plongo sok an pinginya gaya an biar di puji,negative
otak kosong ngatur negoro miskin tidak tau diri endingnya terbirit lari ketakutan,negative
nyimak sambil ngopi,neutral
kereta cepat identik dengan cepat bangkruut,negative
batalin rencana proyek tanggul laut utara jawa dan bangun kereta cepat bandung surabaya urusan utang itu diatur aja yang penting jangan ambil dari anggaran mbg dan ikn,neutral
paling akai apbn hidup koruptor proyek,negative
sudah betul itu menkeu bisnis to bisnis lagipula jg ada pihak pengguna dana konsorsium bumn dua negara tentu diseleseikan bareng to jadi penilaian terhadap proyek ini tidak boleh hanya berdasarkan angka keuangan semata tetapi juga harus mempertimbangkan manfaat publik dan hasil yang komprehensif yakni koneksitas antar kota dan makin mantap dilanjut secara bertahap hingga terhubung sampai surabaya pasalnya ini adalah investasi infrastruktur jangka panjang dan sekaligus indonesia bisa memaksa untuk transfer teknologi serta mempelajari spt dulu china pertama beli pada jepang,positive
jokowi suruh bayar yg ngutang dia yg bikin kebijakan dia mosok rakyat yg harus urunan,negative
pertanyaan siapa yg membereskan,neutral
ingat ya whoosh ini b to b jangan ngrepoti apbn itu usaha komersil bukan sosial seperti kata paklek jokowi ini pada sibuk cari bahasa yg tepat untuk membelokkan tanggung jawabnya ke negara,neutral
kalau bener samapi sepri itu pak prabowo hadeh simalakama kah pak anda mana yg kata nya macam asia,negative
ya jokowi luhut yg bayar proyek ugalan sok keminter hanya ego busuk yg ambisi besar,negative
bumn juga uang rakyat indonesia jangan bodohi rakyat terus menerus,negative
tidak usah bangun kereta cepat jkt surabaya dari pada ruwet,negative
yang penting dugaan korupsi nya di jelaskan dan kesalahan kebijakan,neutral
lbp rini sumarno jkw srimul wajib bertanggung jawab,negative
jangan enak aja bicara rakyat indonesia yang sengsara,negative
maling uang rakyat indonesia tetap maling tetap maling tetap maling,negative
sudah benar pak menkeu bahwa whoos tidak dibayar pake apbn tanggung jawab yg punya ambisi jokodog,negative
berani ya boleh tp juga siapin juga antisipasi kedepannya gk cuma bangun dg utang trus lepas tangan,neutral
ketua dewan pengawas danantara erick thohir saat bumn ribuan trilyun menguap menterinya erick thohir timnas pssi gagal ketua umumnya erick thohir lg ditggu prestasi menpora erick thohir,negative
gpp di bayar tapi usut tuntas dugaan korupsinya jngan sampai cuma menguap,neutral
memalukan konoha,negative
yg penting luhut joko dan termul nya buang dulu ke nusakambangan insya allah pasti beres semua nya,negative
coba suruh bayar sama orang dlu pernah bilang di kantongnya ada ribu triliun,negative
apa bedanya ya mrt lrt kereta bandara tol di luar pulau jawa dll untung apa gak ya ngotak lah,neutral
apalah ini semuanya kosong,negative
ngomong gak jelas ini narsumnya udah rugi mau memperpanjang kerugian sampai surabaya,negative
bayangkan jokowi udah ngasih tagihan buat cucu lo yang belom lahir mereka nanti harus bayar sisa nya,positive
berani berbuat demikian berani bertanggung jawab,negative
kata wowo kecilan utang whoosh mbg aja an triliun per tahun,negative
jangan ada lagi proyek kereta cepat proyek kereta cepat jakarta surabaya dibatalkan next project nasa versi indonesia indonesia kirim astronot ke bulan masak indonesia payah ga ada astronot ke bulan,negative
prabowo adalah legenda hidup,positive
rakyat kejerat pinjol pemerintah kejerat pinjol negara macam apa ini,negative
sama saja klo begitu omon,neutral
kami kita semua para pensiunan sudah lama di rencana untuk di berikan pesangon tapi belum juga ada hasilnya karena kami kita semua para pensiunan orang masyaallah kecil tidak ada perhatian nya sekarang ada masalah kerta api cepat di bayar hutang nya tapi kita kami semua para pensiunan di sisikan dari rencana pesangon kalau kita bandingkan kerta cepat sama orang yang sudah lama mengabdi dirinya selama tahun tidak ada perhatian untuk bayar hutang di bank untuk para pensiunan yang miskin dan dengan banyak masalahnya para pensiunan indonesia belum merdeka,negative
berlomba maling uang negara,negative
termul mungkin sudah banyak makan project ini ya kembalikan lah,negative
kalian yg memulai kalian juga yg harus bertanggung jawab ingat itu b to b kalo di lihat merugikan sebaiknya kalian di periksa biar di lelang aja gt manajen yg lebih layak dan mampu,negative
rakyat gak ikhlas apbn dipake bayar utang woosh karena dulu sudah diperingatkan ngeyel sekarang mau lari dari tanggungjawab,negative
tdk perlu pusing tdk harus salah salahan klu bgs kita mau jujur konsisten dn maju cek ricek kpk polri kejaksaan semenjak terbentuknya kpk sdh berapa hsl kasus korupsi yg d tangani kpk dn sdh ratusan terliyun brg sitaan dr para koruptor d kemanakan uang dn brg hasil sitaan dr para koruptor jgn maling ketemu garong,neutral
whoosh kebanggan mulyono ya dia yg harus membayar utang,negative
batu,neutral
gara gara si jokowi si ahli legesi peninggalan nya yg berharap jadi pahlawan sejarah pembangunan niat pencitraan malah jadi bikin susah presiden berikutnya,negative
kalo mau di bereskan aset si jokowi tarik buat bayar hutang,negative
dpr ini meremehkan kasus whoos dianggap biasa memang mental koruptor,negative
utang trilyun gede mana sama kerugian dari pertamina duit bumn jangan jadi bancakan dan buat biyaya partai politik,negative
dpr kebanyakan reses,negative
lebih mending bikin karena cepat antar provinsi ngapain bikin kereta cepat antar kota jawa doang aja,negative
mas haji kowi yg pesta mas haji wowo yg cuci piring,negative
pak purbaya tolong hati jangan nurutin yg tidak benar untuk bayar wus karena proyek wus hanya untuk banggaan dan bukan kebanggaan rakyat indonesia pada umumnya sekali lagi slamatkan uang rakyat jangan nurutin orang rakus,negative
whoss akan nyambung jakarta bandung sampai surabaya hidup pak jkw hidup pak prabowo lanjut,positive
indonesia triliunan km arab saudi triliunan km,neutral
ini semua karna cost overrun pemerintah sudah tau apa yg terbaik harus dilakukan ga perlu gaduhh klo ribut begini spt ada indikasi permainan politis semua pura peduli,negative
seolah dy putuskan kayax duit pribadi je ga mikirkan beban anak cucunya kedepan bukannya diusut para pengkhianat malah dikasi hati ntar sapa pun pemimpin kedepan krlian juga bakal di mintai pertanggung jaeaban ga akan bisa kmana kelian ga akan tenang kelian sukur ga dihukum mati kelian hya disita smua aset kelian klo hukum koruptor diluar kelian tau sendiri sadis sharusnya m ke t itu logikanya ga nyampe,negative
serahkan dengan jokowi dan luhut mereka yang punya proyek biar mereka yang bayar jangan bebani rakyat,negative
mul mul rakyatmu masih banyak yang miskin kok gaya gayaan sekarang punya utang kereta cepat triliun ternaknya di kumpulin suruh bayar,negative
yg bangga kreta cepet kan jokowi mania mereka saja yg bayar setuju rakyat indonesia harusmya jokowi dan dinasti termul yg bayar hutang jangan enaknya aja mau,negative
jakarta bandung udah ngosan,negative
mendingan aktipkan jalur jalur rel yg lama,neutral
dlm kondisi keuangan negara seperti saatini perlukah kereta api cepat dilanjutkan sampai surabaya atau menunggu dulu keuangan negara stabil dan apakah kereta api cepat sangat dibutuhkan saati ini dibanding kebutuhan sektor lain,neutral
utang ny kecil sekali hehe,neutral
dpr,neutral
kami terus mendukung k cepat wajib di bereskan atas perintah presiden k cepat sby jkt wajib di lanjutkan demi kedaulatan ri,positive
suruh si beruk lulusan ugd dan para ternak nya yang melunasi,negative
utang boleh dibayar negara tp proses hukum atas dugaan mark up dan dugaan korupsi tetap diselidiki utk mencari siapa yg harus bertanggung jawab,neutral
inilah resikonya seorang presiden di negara demokrasi jangan coba memutuskan suatu proyek atas kemauan nya pribadi atau ngotot dan harus melakukan studi kelayakan dan yang data yang akurat spy tidak bermasalah dibelakang hari spt kejadian kcic dan ikn,negative
awas hati jika prabowo me hetujui dari dana apbn maka prabowo sama saja penjilat uang rakyat untuk jkw luhut dan kroninya,negative
dipikir prabowo dia itu punya mukjizat asal bilang bereskan lalu beres,negative
rezim tahun kemaren isinya penjahat semua ayo dong usut tuntas kpk mana kpk,negative
pak lh bilang barang busuk berarti beliau tahu betul busuk nya seperti apa ayo pak buka semuanya,negative
namanya hutang penyelesaiannya ya hrs dibayar bs dg nyicil pokok bunga atau byr bunga saja grace period dg byr pokok terjadwal scr periodik cuman itu saja opsinya restructuring reshefuling reconditioning itupun jika usulan disepakati kedua belah pihak,neutral
kalian pikir bumn pt kai itu bukan milik negara ya milik nenek moyang mulyono pt kai itu ada uang negara ada pemyertaan modal negara apa pt kai hanya melayani di p jawa saja,neutral
gaji anggota dpr sj dialihkan ke woosh,negative
teruskan sampai papua whoosnya,neutral
penjarakan semua yg markup proyek baru opsi pembayaran apbn d pertimbangkan,negative
ambil uang koruptor gak usah pusing dg kebutuhan utk ka cepat,negative
hutang tanggung jwb negara bukan tanggung jawab jokowi,neutral
lebih bagus di buat jakarta srbya sebap indonesia negara besar biar maju trs hrs kuat,positive
hentikan mbg pake bayar utang guru politik nya prabowo,negative
iya namanya hutang harus di bayar ga malu ri ga bayar negara gede,neutral
rocky g pemerintahan prabowo itu pemerintahan cuci piring,negative
whoose belum ikn bener bener th pengancuran nkri,negative
yg kudu dikasih tanda kutip itu mustinye kata dibereskan beresss boss semua bisa di atur tenang aje jalan aje lage ke luar negeri,negative
disita dulu yg korupsi baru buat bayar hutang,negative
dpr dan pemerintah jangan coba untk mengambil uang rakyat apbn rakyat tidak rela dan bisa marah,negative
berbuat sesuwatu itu harus sesuai dengan kemampuan tdk boleh hanya nafsu ambisi apalagi kl sampe pada korupsi bersama,negative
nah begini cari sama sama solusi nya,neutral
ngakunya wakil rakyat tapi merangkap buzzer,negative
suruh bayar mulyono yg sok pinter sendiri akhirnya yg menanggung hutang negara yg menanggung rakyat si raja gorong si raja bual itu seharusnya yg bertanggung jawab janga hanya pencitraan saja yg di handalkan sangat memuak kan si gorong ini,negative
ooh jadi mau bersaing sama pesawat terbang gimana efek untuk perusahaan garuda indonesia kl jadi kareta cepat diteruskan kesurabaya,neutral
anggota dpr koq jadi jubir jokowibukannya bela rakyat tugas anggota dpr itu usut tuntas sinyal tidak beres dsri proyek imi bahkan ex ketua tim lbp bilang dari awal barang ini sudah busukkkkk,negative
jokowi suruh tanggung jawab dulu baru dilanjut krn ada dugaan mark up disitu makanya walaupun rugi cina santai aja tuh krnbuat cina untung kerugiannya ditutupin indonesia dmua,negative
sebenarnya hutang kereta cepat msh ratusan triliun coba bandingkan koruptor minyak kelas kakap orang yaman si riza cholid mencapai seribu triliun,negative
sekarangjadi permasalahan dalam pembayaran hutang kcic dulu bagaimana hadirkan para penggagas dan pelaksana pembentukan kcic minta pertanggung jawabannya secara hukum jangan ribet tentang pembayaran hutang dulu,negative
tv one suruh aburizal yang beyar,neutral
menteri ini buang,negative
engga rakyat ga begitu ga macam itu cuma ambisi jokowi biar banyak pintu yang bisa dikorupsi,negative
bangga buat angota dpr tidak bangga buat masyarakan ekonomi ke bawah,negative
hanya keledai yang terjerumus pada lubang yang sama,negative
berdasar pernyataan resmi bpk jokowi pas jadi presiden whoosh skema bisnis b to b khaan kok negara jadi kalang kabut ya,negative
solusi terbaik untuk masalah kcic adalah suruh jokowi untuk membayar hutang karena itu proyek ambisius dia,negative
kalau ada korupsi jokowi sita aja asetnya untuk bayar utang,negative
karna ini prestasi mulyono suruh tanggung jawab lah sekaligus suruh patungan sama ternaknya kan ternak banyak duit selama ini di biayai sama tuanya,negative
yang menikmati whooss orang orang kaya aja,negative
semua ulah jokowers perusak sistem bernegara mantan perisiden terburuk sepanjang masa indonesia,negative
jokowi tukang ngibul yang wajib menyelesaikan utang kereta whoosh,negative
ya memang negara kl gk nekat ya gk maju maju cuma ya hrus difikirkn anggarannya juragan jng sampai kpngn ikutaan negara lain tp pjabatnya msh pd punya jiwa korup yg ada mlh amburadul cerdaslah bpk pjabat smua,neutral
usut tuntas,neutral
seret jokowii suruh bayar,negative
duh repot,negative
